timestamp,user_id,session_id,event_type,key_category,key_dwell_ms,mouse_x,mouse_y,mouse_event,scroll_dx,scroll_dy,idle_seconds
2026-01-29T20:41:13.509,user_01,f4c211c2,MOUSE_MOVE,,,1590,323,MOVE,,,
2026-01-29T20:41:13.516,user_01,f4c211c2,MOUSE_MOVE,,,1585,328,MOVE,,,
2026-01-29T20:41:13.522,user_01,f4c211c2,MOUSE_MOVE,,,1578,335,MOVE,,,
2026-01-29T20:41:13.529,user_01,f4c211c2,MOUSE_MOVE,,,1568,344,MOVE,,,
2026-01-29T20:41:13.536,user_01,f4c211c2,MOUSE_MOVE,,,1558,351,MOVE,,,
2026-01-29T20:41:13.543,user_01,f4c211c2,MOUSE_MOVE,,,1545,363,MOVE,,,
2026-01-29T20:41:13.557,user_01,f4c211c2,MOUSE_MOVE,,,1530,376,MOVE,,,
2026-01-29T20:41:13.557,user_01,f4c211c2,MOUSE_MOVE,,,1514,385,MOVE,,,
2026-01-29T20:41:13.564,user_01,f4c211c2,MOUSE_MOVE,,,1494,395,MOVE,,,
2026-01-29T20:41:13.571,user_01,f4c211c2,MOUSE_MOVE,,,1479,406,MOVE,,,
2026-01-29T20:41:13.578,user_01,f4c211c2,MOUSE_MOVE,,,1461,415,MOVE,,,
2026-01-29T20:41:13.585,user_01,f4c211c2,MOUSE_MOVE,,,1440,426,MOVE,,,
2026-01-29T20:41:13.592,user_01,f4c211c2,MOUSE_MOVE,,,1425,437,MOVE,,,
2026-01-29T20:41:13.598,user_01,f4c211c2,MOUSE_MOVE,,,1402,447,MOVE,,,
2026-01-29T20:41:13.605,user_01,f4c211c2,MOUSE_MOVE,,,1381,457,MOVE,,,
2026-01-29T20:41:13.612,user_01,f4c211c2,MOUSE_MOVE,,,1361,466,MOVE,,,
2026-01-29T20:41:13.619,user_01,f4c211c2,MOUSE_MOVE,,,1336,477,MOVE,,,
2026-01-29T20:41:13.626,user_01,f4c211c2,MOUSE_MOVE,,,1312,488,MOVE,,,
2026-01-29T20:41:13.633,user_01,f4c211c2,MOUSE_MOVE,,,1286,496,MOVE,,,
2026-01-29T20:41:13.640,user_01,f4c211c2,MOUSE_MOVE,,,1254,511,MOVE,,,
2026-01-29T20:41:13.646,user_01,f4c211c2,MOUSE_MOVE,,,1237,517,MOVE,,,
2026-01-29T20:41:13.653,user_01,f4c211c2,MOUSE_MOVE,,,1212,526,MOVE,,,
2026-01-29T20:41:13.660,user_01,f4c211c2,MOUSE_MOVE,,,1195,532,MOVE,,,
2026-01-29T20:41:13.667,user_01,f4c211c2,MOUSE_MOVE,,,1174,539,MOVE,,,
2026-01-29T20:41:13.673,user_01,f4c211c2,MOUSE_MOVE,,,1153,549,MOVE,,,
2026-01-29T20:41:13.680,user_01,f4c211c2,MOUSE_MOVE,,,1137,555,MOVE,,,
2026-01-29T20:41:13.687,user_01,f4c211c2,MOUSE_MOVE,,,1120,561,MOVE,,,
2026-01-29T20:41:13.694,user_01,f4c211c2,MOUSE_MOVE,,,1107,566,MOVE,,,
2026-01-29T20:41:13.700,user_01,f4c211c2,MOUSE_MOVE,,,1094,570,MOVE,,,
2026-01-29T20:41:13.708,user_01,f4c211c2,MOUSE_MOVE,,,1084,576,MOVE,,,
2026-01-29T20:41:13.715,user_01,f4c211c2,MOUSE_MOVE,,,1072,580,MOVE,,,
2026-01-29T20:41:13.721,user_01,f4c211c2,MOUSE_MOVE,,,1063,583,MOVE,,,
2026-01-29T20:41:13.728,user_01,f4c211c2,MOUSE_MOVE,,,1055,587,MOVE,,,
2026-01-29T20:41:13.735,user_01,f4c211c2,MOUSE_MOVE,,,1047,588,MOVE,,,
2026-01-29T20:41:13.742,user_01,f4c211c2,MOUSE_MOVE,,,1039,591,MOVE,,,
2026-01-29T20:41:13.748,user_01,f4c211c2,MOUSE_MOVE,,,1035,592,MOVE,,,
2026-01-29T20:41:13.756,user_01,f4c211c2,MOUSE_MOVE,,,1030,593,MOVE,,,
2026-01-29T20:41:13.762,user_01,f4c211c2,MOUSE_MOVE,,,1027,594,MOVE,,,
2026-01-29T20:41:13.769,user_01,f4c211c2,MOUSE_MOVE,,,1025,594,MOVE,,,
2026-01-29T20:41:13.776,user_01,f4c211c2,MOUSE_MOVE,,,1023,595,MOVE,,,
2026-01-29T20:41:13.783,user_01,f4c211c2,MOUSE_MOVE,,,1020,595,MOVE,,,
2026-01-29T20:41:13.790,user_01,f4c211c2,MOUSE_MOVE,,,1018,595,MOVE,,,
2026-01-29T20:41:13.797,user_01,f4c211c2,MOUSE_MOVE,,,1016,596,MOVE,,,
2026-01-29T20:41:13.804,user_01,f4c211c2,MOUSE_MOVE,,,1015,596,MOVE,,,
2026-01-29T20:41:13.811,user_01,f4c211c2,MOUSE_MOVE,,,1015,596,MOVE,,,
2026-01-29T20:41:13.824,user_01,f4c211c2,MOUSE_MOVE,,,1015,597,MOVE,,,
2026-01-29T20:41:13.831,user_01,f4c211c2,MOUSE_MOVE,,,1014,597,MOVE,,,
2026-01-29T20:41:13.838,user_01,f4c211c2,MOUSE_MOVE,,,1013,599,MOVE,,,
2026-01-29T20:41:13.844,user_01,f4c211c2,MOUSE_MOVE,,,1011,599,MOVE,,,
2026-01-29T20:41:13.851,user_01,f4c211c2,MOUSE_MOVE,,,1009,600,MOVE,,,
2026-01-29T20:41:13.859,user_01,f4c211c2,MOUSE_MOVE,,,1006,601,MOVE,,,
2026-01-29T20:41:13.865,user_01,f4c211c2,MOUSE_MOVE,,,1004,602,MOVE,,,
2026-01-29T20:41:16.926,user_01,f4c211c2,IDLE_START,,,,,,,,3.061
2026-01-29T20:41:19.615,user_01,f4c211c2,MOUSE_MOVE,,,1018,589,MOVE,,,
2026-01-29T20:41:19.620,user_01,f4c211c2,MOUSE_MOVE,,,1046,560,MOVE,,,
2026-01-29T20:41:19.628,user_01,f4c211c2,MOUSE_MOVE,,,1068,539,MOVE,,,
2026-01-29T20:41:19.635,user_01,f4c211c2,MOUSE_MOVE,,,1093,514,MOVE,,,
2026-01-29T20:41:19.641,user_01,f4c211c2,MOUSE_MOVE,,,1119,486,MOVE,,,
2026-01-29T20:41:19.648,user_01,f4c211c2,MOUSE_MOVE,,,1150,459,MOVE,,,
2026-01-29T20:41:19.654,user_01,f4c211c2,MOUSE_MOVE,,,1181,432,MOVE,,,
2026-01-29T20:41:19.662,user_01,f4c211c2,MOUSE_MOVE,,,1212,408,MOVE,,,
2026-01-29T20:41:19.668,user_01,f4c211c2,MOUSE_MOVE,,,1235,383,MOVE,,,
2026-01-29T20:41:19.674,user_01,f4c211c2,MOUSE_MOVE,,,1266,356,MOVE,,,
2026-01-29T20:41:19.682,user_01,f4c211c2,IDLE_END,,,,,,,,0.008
2026-01-29T20:41:19.683,user_01,f4c211c2,MOUSE_MOVE,,,1293,338,MOVE,,,
2026-01-29T20:41:19.689,user_01,f4c211c2,MOUSE_MOVE,,,1316,321,MOVE,,,
2026-01-29T20:41:19.696,user_01,f4c211c2,MOUSE_MOVE,,,1339,303,MOVE,,,
2026-01-29T20:41:19.702,user_01,f4c211c2,MOUSE_MOVE,,,1353,293,MOVE,,,
2026-01-29T20:41:19.710,user_01,f4c211c2,MOUSE_MOVE,,,1369,280,MOVE,,,
2026-01-29T20:41:19.716,user_01,f4c211c2,MOUSE_MOVE,,,1381,269,MOVE,,,
2026-01-29T20:41:19.723,user_01,f4c211c2,MOUSE_MOVE,,,1391,262,MOVE,,,
2026-01-29T20:41:19.730,user_01,f4c211c2,MOUSE_MOVE,,,1396,258,MOVE,,,
2026-01-29T20:41:19.736,user_01,f4c211c2,MOUSE_MOVE,,,1399,254,MOVE,,,
2026-01-29T20:41:19.744,user_01,f4c211c2,MOUSE_MOVE,,,1402,252,MOVE,,,
2026-01-29T20:41:19.750,user_01,f4c211c2,MOUSE_MOVE,,,1404,249,MOVE,,,
2026-01-29T20:41:19.758,user_01,f4c211c2,MOUSE_MOVE,,,1406,248,MOVE,,,
2026-01-29T20:41:19.764,user_01,f4c211c2,MOUSE_MOVE,,,1407,246,MOVE,,,
2026-01-29T20:41:19.771,user_01,f4c211c2,MOUSE_MOVE,,,1408,245,MOVE,,,
2026-01-29T20:41:19.778,user_01,f4c211c2,MOUSE_MOVE,,,1409,243,MOVE,,,
2026-01-29T20:41:19.784,user_01,f4c211c2,MOUSE_MOVE,,,1409,242,MOVE,,,
2026-01-29T20:41:19.791,user_01,f4c211c2,MOUSE_MOVE,,,1409,241,MOVE,,,
2026-01-29T20:41:20.005,user_01,f4c211c2,MOUSE_MOVE,,,1414,228,MOVE,,,
2026-01-29T20:41:20.012,user_01,f4c211c2,MOUSE_MOVE,,,1422,211,MOVE,,,
2026-01-29T20:41:20.019,user_01,f4c211c2,MOUSE_MOVE,,,1428,195,MOVE,,,
2026-01-29T20:41:20.027,user_01,f4c211c2,MOUSE_MOVE,,,1434,180,MOVE,,,
2026-01-29T20:41:20.033,user_01,f4c211c2,MOUSE_MOVE,,,1441,170,MOVE,,,
2026-01-29T20:41:20.040,user_01,f4c211c2,MOUSE_MOVE,,,1445,162,MOVE,,,
2026-01-29T20:41:20.047,user_01,f4c211c2,MOUSE_MOVE,,,1447,158,MOVE,,,
2026-01-29T20:41:20.055,user_01,f4c211c2,MOUSE_MOVE,,,1452,148,MOVE,,,
2026-01-29T20:41:20.060,user_01,f4c211c2,MOUSE_MOVE,,,1455,141,MOVE,,,
2026-01-29T20:41:20.066,user_01,f4c211c2,MOUSE_MOVE,,,1459,135,MOVE,,,
2026-01-29T20:41:20.074,user_01,f4c211c2,MOUSE_MOVE,,,1465,127,MOVE,,,
2026-01-29T20:41:20.080,user_01,f4c211c2,MOUSE_MOVE,,,1467,119,MOVE,,,
2026-01-29T20:41:20.087,user_01,f4c211c2,MOUSE_MOVE,,,1471,112,MOVE,,,
2026-01-29T20:41:20.094,user_01,f4c211c2,MOUSE_MOVE,,,1475,106,MOVE,,,
2026-01-29T20:41:20.102,user_01,f4c211c2,MOUSE_MOVE,,,1478,100,MOVE,,,
2026-01-29T20:41:20.108,user_01,f4c211c2,MOUSE_MOVE,,,1480,95,MOVE,,,
2026-01-29T20:41:20.115,user_01,f4c211c2,MOUSE_MOVE,,,1482,92,MOVE,,,
2026-01-29T20:41:20.121,user_01,f4c211c2,MOUSE_MOVE,,,1483,89,MOVE,,,
2026-01-29T20:41:20.128,user_01,f4c211c2,MOUSE_MOVE,,,1484,87,MOVE,,,
2026-01-29T20:41:20.135,user_01,f4c211c2,MOUSE_MOVE,,,1486,84,MOVE,,,
2026-01-29T20:41:20.142,user_01,f4c211c2,MOUSE_MOVE,,,1486,83,MOVE,,,
2026-01-29T20:41:20.149,user_01,f4c211c2,MOUSE_MOVE,,,1488,81,MOVE,,,
2026-01-29T20:41:20.155,user_01,f4c211c2,MOUSE_MOVE,,,1489,81,MOVE,,,
2026-01-29T20:41:20.163,user_01,f4c211c2,MOUSE_MOVE,,,1489,79,MOVE,,,
2026-01-29T20:41:20.169,user_01,f4c211c2,MOUSE_MOVE,,,1489,78,MOVE,,,
2026-01-29T20:41:20.177,user_01,f4c211c2,MOUSE_MOVE,,,1490,76,MOVE,,,
2026-01-29T20:41:20.183,user_01,f4c211c2,MOUSE_MOVE,,,1490,75,MOVE,,,
2026-01-29T20:41:20.190,user_01,f4c211c2,MOUSE_MOVE,,,1491,74,MOVE,,,
2026-01-29T20:41:20.197,user_01,f4c211c2,MOUSE_MOVE,,,1492,72,MOVE,,,
2026-01-29T20:41:20.204,user_01,f4c211c2,MOUSE_MOVE,,,1493,71,MOVE,,,
2026-01-29T20:41:20.210,user_01,f4c211c2,MOUSE_MOVE,,,1493,71,MOVE,,,
2026-01-29T20:41:20.219,user_01,f4c211c2,MOUSE_MOVE,,,1493,69,MOVE,,,
2026-01-29T20:41:20.224,user_01,f4c211c2,MOUSE_MOVE,,,1495,67,MOVE,,,
2026-01-29T20:41:20.231,user_01,f4c211c2,MOUSE_MOVE,,,1496,63,MOVE,,,
2026-01-29T20:41:20.237,user_01,f4c211c2,MOUSE_MOVE,,,1497,61,MOVE,,,
2026-01-29T20:41:20.244,user_01,f4c211c2,MOUSE_MOVE,,,1498,58,MOVE,,,
2026-01-29T20:41:20.251,user_01,f4c211c2,MOUSE_MOVE,,,1500,56,MOVE,,,
2026-01-29T20:41:20.258,user_01,f4c211c2,MOUSE_MOVE,,,1502,54,MOVE,,,
2026-01-29T20:41:20.264,user_01,f4c211c2,MOUSE_MOVE,,,1503,52,MOVE,,,
2026-01-29T20:41:20.272,user_01,f4c211c2,MOUSE_MOVE,,,1506,50,MOVE,,,
2026-01-29T20:41:20.279,user_01,f4c211c2,MOUSE_MOVE,,,1508,47,MOVE,,,
2026-01-29T20:41:20.286,user_01,f4c211c2,MOUSE_MOVE,,,1510,44,MOVE,,,
2026-01-29T20:41:20.292,user_01,f4c211c2,MOUSE_MOVE,,,1512,42,MOVE,,,
2026-01-29T20:41:20.300,user_01,f4c211c2,MOUSE_MOVE,,,1513,40,MOVE,,,
2026-01-29T20:41:20.306,user_01,f4c211c2,MOUSE_MOVE,,,1515,39,MOVE,,,
2026-01-29T20:41:20.313,user_01,f4c211c2,MOUSE_MOVE,,,1516,38,MOVE,,,
2026-01-29T20:41:20.320,user_01,f4c211c2,MOUSE_MOVE,,,1517,37,MOVE,,,
2026-01-29T20:41:20.327,user_01,f4c211c2,MOUSE_MOVE,,,1518,37,MOVE,,,
2026-01-29T20:41:20.333,user_01,f4c211c2,MOUSE_MOVE,,,1518,36,MOVE,,,
2026-01-29T20:41:20.340,user_01,f4c211c2,MOUSE_MOVE,,,1518,35,MOVE,,,
2026-01-29T20:41:20.347,user_01,f4c211c2,MOUSE_MOVE,,,1519,34,MOVE,,,
2026-01-29T20:41:20.395,user_01,f4c211c2,MOUSE_MOVE,,,1519,33,MOVE,,,
2026-01-29T20:41:20.409,user_01,f4c211c2,MOUSE_MOVE,,,1520,33,MOVE,,,
2026-01-29T20:41:20.732,user_01,f4c211c2,MOUSE_CLICK,,,1520,33,LEFT_DOWN,,,
2026-01-29T20:41:20.952,user_01,f4c211c2,MOUSE_CLICK,,,1520,33,LEFT_UP,,,
2026-01-29T20:41:21.254,user_01,f4c211c2,MOUSE_MOVE,,,1505,36,MOVE,,,
2026-01-29T20:41:21.260,user_01,f4c211c2,MOUSE_MOVE,,,1492,39,MOVE,,,
2026-01-29T20:41:21.268,user_01,f4c211c2,MOUSE_MOVE,,,1475,42,MOVE,,,
2026-01-29T20:41:21.274,user_01,f4c211c2,MOUSE_MOVE,,,1454,45,MOVE,,,
2026-01-29T20:41:21.280,user_01,f4c211c2,MOUSE_MOVE,,,1436,50,MOVE,,,
2026-01-29T20:41:21.288,user_01,f4c211c2,MOUSE_MOVE,,,1419,53,MOVE,,,
2026-01-29T20:41:21.295,user_01,f4c211c2,MOUSE_MOVE,,,1401,58,MOVE,,,
2026-01-29T20:41:21.300,user_01,f4c211c2,MOUSE_MOVE,,,1384,62,MOVE,,,
2026-01-29T20:41:21.307,user_01,f4c211c2,MOUSE_MOVE,,,1362,69,MOVE,,,
2026-01-29T20:41:21.314,user_01,f4c211c2,MOUSE_MOVE,,,1344,73,MOVE,,,
2026-01-29T20:41:21.321,user_01,f4c211c2,MOUSE_MOVE,,,1323,78,MOVE,,,
2026-01-29T20:41:21.329,user_01,f4c211c2,MOUSE_MOVE,,,1298,82,MOVE,,,
2026-01-29T20:41:21.335,user_01,f4c211c2,MOUSE_MOVE,,,1276,87,MOVE,,,
2026-01-29T20:41:21.342,user_01,f4c211c2,MOUSE_MOVE,,,1251,90,MOVE,,,
2026-01-29T20:41:21.349,user_01,f4c211c2,MOUSE_MOVE,,,1226,96,MOVE,,,
2026-01-29T20:41:21.359,user_01,f4c211c2,MOUSE_MOVE,,,1207,99,MOVE,,,
2026-01-29T20:41:21.362,user_01,f4c211c2,MOUSE_MOVE,,,1187,102,MOVE,,,
2026-01-29T20:41:21.370,user_01,f4c211c2,MOUSE_MOVE,,,1167,104,MOVE,,,
2026-01-29T20:41:21.376,user_01,f4c211c2,MOUSE_MOVE,,,1154,105,MOVE,,,
2026-01-29T20:41:21.383,user_01,f4c211c2,MOUSE_MOVE,,,1139,105,MOVE,,,
2026-01-29T20:41:21.390,user_01,f4c211c2,MOUSE_MOVE,,,1124,107,MOVE,,,
2026-01-29T20:41:21.398,user_01,f4c211c2,MOUSE_MOVE,,,1111,107,MOVE,,,
2026-01-29T20:41:21.404,user_01,f4c211c2,MOUSE_MOVE,,,1099,107,MOVE,,,
2026-01-29T20:41:21.411,user_01,f4c211c2,MOUSE_MOVE,,,1084,106,MOVE,,,
2026-01-29T20:41:21.417,user_01,f4c211c2,MOUSE_MOVE,,,1069,106,MOVE,,,
2026-01-29T20:41:21.424,user_01,f4c211c2,MOUSE_MOVE,,,1053,105,MOVE,,,
2026-01-29T20:41:21.431,user_01,f4c211c2,MOUSE_MOVE,,,1040,105,MOVE,,,
2026-01-29T20:41:21.439,user_01,f4c211c2,MOUSE_MOVE,,,1025,103,MOVE,,,
2026-01-29T20:41:21.445,user_01,f4c211c2,MOUSE_MOVE,,,1016,103,MOVE,,,
2026-01-29T20:41:21.453,user_01,f4c211c2,MOUSE_MOVE,,,1007,103,MOVE,,,
2026-01-29T20:41:21.458,user_01,f4c211c2,MOUSE_MOVE,,,995,102,MOVE,,,
2026-01-29T20:41:21.465,user_01,f4c211c2,MOUSE_MOVE,,,991,102,MOVE,,,
2026-01-29T20:41:21.472,user_01,f4c211c2,MOUSE_MOVE,,,986,102,MOVE,,,
2026-01-29T20:41:21.480,user_01,f4c211c2,MOUSE_MOVE,,,980,102,MOVE,,,
2026-01-29T20:41:21.486,user_01,f4c211c2,MOUSE_MOVE,,,974,101,MOVE,,,
2026-01-29T20:41:21.493,user_01,f4c211c2,MOUSE_MOVE,,,970,101,MOVE,,,
2026-01-29T20:41:21.499,user_01,f4c211c2,MOUSE_MOVE,,,966,101,MOVE,,,
2026-01-29T20:41:21.507,user_01,f4c211c2,MOUSE_MOVE,,,963,101,MOVE,,,
2026-01-29T20:41:21.514,user_01,f4c211c2,MOUSE_MOVE,,,960,101,MOVE,,,
2026-01-29T20:41:21.520,user_01,f4c211c2,MOUSE_MOVE,,,956,98,MOVE,,,
2026-01-29T20:41:21.527,user_01,f4c211c2,MOUSE_MOVE,,,953,98,MOVE,,,
2026-01-29T20:41:21.533,user_01,f4c211c2,MOUSE_MOVE,,,951,98,MOVE,,,
2026-01-29T20:41:21.541,user_01,f4c211c2,MOUSE_MOVE,,,949,98,MOVE,,,
2026-01-29T20:41:21.547,user_01,f4c211c2,MOUSE_MOVE,,,946,96,MOVE,,,
2026-01-29T20:41:21.555,user_01,f4c211c2,MOUSE_MOVE,,,943,95,MOVE,,,
2026-01-29T20:41:21.561,user_01,f4c211c2,MOUSE_MOVE,,,940,94,MOVE,,,
2026-01-29T20:41:21.568,user_01,f4c211c2,MOUSE_MOVE,,,934,92,MOVE,,,
2026-01-29T20:41:21.575,user_01,f4c211c2,MOUSE_MOVE,,,930,90,MOVE,,,
2026-01-29T20:41:21.582,user_01,f4c211c2,MOUSE_MOVE,,,924,87,MOVE,,,
2026-01-29T20:41:21.589,user_01,f4c211c2,MOUSE_MOVE,,,917,83,MOVE,,,
2026-01-29T20:41:21.596,user_01,f4c211c2,MOUSE_MOVE,,,907,79,MOVE,,,
2026-01-29T20:41:21.602,user_01,f4c211c2,MOUSE_MOVE,,,901,74,MOVE,,,
2026-01-29T20:41:21.609,user_01,f4c211c2,MOUSE_MOVE,,,896,70,MOVE,,,
2026-01-29T20:41:21.616,user_01,f4c211c2,MOUSE_MOVE,,,891,68,MOVE,,,
2026-01-29T20:41:21.623,user_01,f4c211c2,MOUSE_MOVE,,,883,64,MOVE,,,
2026-01-29T20:41:21.629,user_01,f4c211c2,MOUSE_MOVE,,,880,62,MOVE,,,
2026-01-29T20:41:21.637,user_01,f4c211c2,MOUSE_MOVE,,,876,60,MOVE,,,
2026-01-29T20:41:21.643,user_01,f4c211c2,MOUSE_MOVE,,,872,59,MOVE,,,
2026-01-29T20:41:21.650,user_01,f4c211c2,MOUSE_MOVE,,,869,57,MOVE,,,
2026-01-29T20:41:21.658,user_01,f4c211c2,MOUSE_MOVE,,,863,54,MOVE,,,
2026-01-29T20:41:21.665,user_01,f4c211c2,MOUSE_MOVE,,,860,53,MOVE,,,
2026-01-29T20:41:21.672,user_01,f4c211c2,MOUSE_MOVE,,,857,51,MOVE,,,
2026-01-29T20:41:21.678,user_01,f4c211c2,MOUSE_MOVE,,,854,50,MOVE,,,
2026-01-29T20:41:21.685,user_01,f4c211c2,MOUSE_MOVE,,,852,49,MOVE,,,
2026-01-29T20:41:21.691,user_01,f4c211c2,MOUSE_MOVE,,,849,48,MOVE,,,
2026-01-29T20:41:21.698,user_01,f4c211c2,MOUSE_MOVE,,,848,47,MOVE,,,
2026-01-29T20:41:21.705,user_01,f4c211c2,MOUSE_MOVE,,,846,47,MOVE,,,
2026-01-29T20:41:21.712,user_01,f4c211c2,MOUSE_MOVE,,,843,45,MOVE,,,
2026-01-29T20:41:21.719,user_01,f4c211c2,MOUSE_MOVE,,,842,44,MOVE,,,
2026-01-29T20:41:21.725,user_01,f4c211c2,MOUSE_MOVE,,,842,43,MOVE,,,
2026-01-29T20:41:21.733,user_01,f4c211c2,MOUSE_MOVE,,,841,43,MOVE,,,
2026-01-29T20:41:21.739,user_01,f4c211c2,MOUSE_MOVE,,,840,42,MOVE,,,
2026-01-29T20:41:21.747,user_01,f4c211c2,MOUSE_MOVE,,,839,42,MOVE,,,
2026-01-29T20:41:21.753,user_01,f4c211c2,MOUSE_MOVE,,,839,41,MOVE,,,
2026-01-29T20:41:21.760,user_01,f4c211c2,MOUSE_MOVE,,,838,41,MOVE,,,
2026-01-29T20:41:21.767,user_01,f4c211c2,MOUSE_MOVE,,,838,41,MOVE,,,
2026-01-29T20:41:21.780,user_01,f4c211c2,MOUSE_MOVE,,,837,41,MOVE,,,
2026-01-29T20:41:21.794,user_01,f4c211c2,MOUSE_MOVE,,,836,41,MOVE,,,
2026-01-29T20:41:21.808,user_01,f4c211c2,MOUSE_MOVE,,,835,41,MOVE,,,
2026-01-29T20:41:21.815,user_01,f4c211c2,MOUSE_MOVE,,,835,40,MOVE,,,
2026-01-29T20:41:21.822,user_01,f4c211c2,MOUSE_MOVE,,,834,40,MOVE,,,
2026-01-29T20:41:21.842,user_01,f4c211c2,MOUSE_MOVE,,,834,40,MOVE,,,
2026-01-29T20:41:22.084,user_01,f4c211c2,MOUSE_CLICK,,,834,40,LEFT_DOWN,,,
2026-01-29T20:41:22.312,user_01,f4c211c2,MOUSE_CLICK,,,834,40,LEFT_UP,,,
2026-01-29T20:41:22.845,user_01,f4c211c2,MOUSE_MOVE,,,839,54,MOVE,,,
2026-01-29T20:41:22.850,user_01,f4c211c2,MOUSE_MOVE,,,845,73,MOVE,,,
2026-01-29T20:41:22.858,user_01,f4c211c2,MOUSE_MOVE,,,850,85,MOVE,,,
2026-01-29T20:41:22.864,user_01,f4c211c2,MOUSE_MOVE,,,854,100,MOVE,,,
2026-01-29T20:41:22.871,user_01,f4c211c2,MOUSE_MOVE,,,859,113,MOVE,,,
2026-01-29T20:41:22.878,user_01,f4c211c2,MOUSE_MOVE,,,865,128,MOVE,,,
2026-01-29T20:41:22.886,user_01,f4c211c2,MOUSE_MOVE,,,869,140,MOVE,,,
2026-01-29T20:41:22.892,user_01,f4c211c2,MOUSE_MOVE,,,873,151,MOVE,,,
2026-01-29T20:41:22.898,user_01,f4c211c2,MOUSE_MOVE,,,875,161,MOVE,,,
2026-01-29T20:41:22.906,user_01,f4c211c2,MOUSE_MOVE,,,877,169,MOVE,,,
2026-01-29T20:41:22.913,user_01,f4c211c2,MOUSE_MOVE,,,879,175,MOVE,,,
2026-01-29T20:41:22.920,user_01,f4c211c2,MOUSE_MOVE,,,879,184,MOVE,,,
2026-01-29T20:41:22.926,user_01,f4c211c2,MOUSE_MOVE,,,879,190,MOVE,,,
2026-01-29T20:41:22.933,user_01,f4c211c2,MOUSE_MOVE,,,879,191,MOVE,,,
2026-01-29T20:41:22.940,user_01,f4c211c2,MOUSE_MOVE,,,877,196,MOVE,,,
2026-01-29T20:41:22.947,user_01,f4c211c2,MOUSE_MOVE,,,874,201,MOVE,,,
2026-01-29T20:41:22.954,user_01,f4c211c2,MOUSE_MOVE,,,865,211,MOVE,,,
2026-01-29T20:41:22.960,user_01,f4c211c2,MOUSE_MOVE,,,850,218,MOVE,,,
2026-01-29T20:41:22.967,user_01,f4c211c2,MOUSE_MOVE,,,833,226,MOVE,,,
2026-01-29T20:41:22.976,user_01,f4c211c2,MOUSE_MOVE,,,812,229,MOVE,,,
2026-01-29T20:41:22.980,user_01,f4c211c2,MOUSE_MOVE,,,788,231,MOVE,,,
2026-01-29T20:41:22.988,user_01,f4c211c2,MOUSE_MOVE,,,766,231,MOVE,,,
2026-01-29T20:41:22.994,user_01,f4c211c2,MOUSE_MOVE,,,749,230,MOVE,,,
2026-01-29T20:41:23.005,user_01,f4c211c2,MOUSE_MOVE,,,726,229,MOVE,,,
2026-01-29T20:41:23.007,user_01,f4c211c2,MOUSE_MOVE,,,708,227,MOVE,,,
2026-01-29T20:41:23.015,user_01,f4c211c2,MOUSE_MOVE,,,685,226,MOVE,,,
2026-01-29T20:41:23.022,user_01,f4c211c2,MOUSE_MOVE,,,667,224,MOVE,,,
2026-01-29T20:41:23.028,user_01,f4c211c2,MOUSE_MOVE,,,652,223,MOVE,,,
2026-01-29T20:41:23.035,user_01,f4c211c2,MOUSE_MOVE,,,638,223,MOVE,,,
2026-01-29T20:41:23.042,user_01,f4c211c2,MOUSE_MOVE,,,625,221,MOVE,,,
2026-01-29T20:41:23.049,user_01,f4c211c2,MOUSE_MOVE,,,612,220,MOVE,,,
2026-01-29T20:41:23.056,user_01,f4c211c2,MOUSE_MOVE,,,602,220,MOVE,,,
2026-01-29T20:41:23.063,user_01,f4c211c2,MOUSE_MOVE,,,596,219,MOVE,,,
2026-01-29T20:41:23.070,user_01,f4c211c2,MOUSE_MOVE,,,589,219,MOVE,,,
2026-01-29T20:41:23.076,user_01,f4c211c2,MOUSE_MOVE,,,585,219,MOVE,,,
2026-01-29T20:41:23.083,user_01,f4c211c2,MOUSE_MOVE,,,582,219,MOVE,,,
2026-01-29T20:41:23.336,user_01,f4c211c2,MOUSE_MOVE,,,563,223,MOVE,,,
2026-01-29T20:41:23.345,user_01,f4c211c2,MOUSE_MOVE,,,532,227,MOVE,,,
2026-01-29T20:41:23.351,user_01,f4c211c2,MOUSE_MOVE,,,504,229,MOVE,,,
2026-01-29T20:41:23.357,user_01,f4c211c2,MOUSE_MOVE,,,472,233,MOVE,,,
2026-01-29T20:41:23.364,user_01,f4c211c2,MOUSE_MOVE,,,438,235,MOVE,,,
2026-01-29T20:41:23.371,user_01,f4c211c2,MOUSE_MOVE,,,408,235,MOVE,,,
2026-01-29T20:41:23.377,user_01,f4c211c2,MOUSE_MOVE,,,373,237,MOVE,,,
2026-01-29T20:41:23.386,user_01,f4c211c2,MOUSE_MOVE,,,347,237,MOVE,,,
2026-01-29T20:41:23.391,user_01,f4c211c2,MOUSE_MOVE,,,320,237,MOVE,,,
2026-01-29T20:41:23.399,user_01,f4c211c2,MOUSE_MOVE,,,298,237,MOVE,,,
2026-01-29T20:41:23.406,user_01,f4c211c2,MOUSE_MOVE,,,274,236,MOVE,,,
2026-01-29T20:41:23.412,user_01,f4c211c2,MOUSE_MOVE,,,250,234,MOVE,,,
2026-01-29T20:41:23.419,user_01,f4c211c2,MOUSE_MOVE,,,234,233,MOVE,,,
2026-01-29T20:41:23.427,user_01,f4c211c2,MOUSE_MOVE,,,215,230,MOVE,,,
2026-01-29T20:41:23.433,user_01,f4c211c2,MOUSE_MOVE,,,202,227,MOVE,,,
2026-01-29T20:41:23.440,user_01,f4c211c2,MOUSE_MOVE,,,187,225,MOVE,,,
2026-01-29T20:41:23.445,user_01,f4c211c2,MOUSE_MOVE,,,176,223,MOVE,,,
2026-01-29T20:41:23.453,user_01,f4c211c2,MOUSE_MOVE,,,165,220,MOVE,,,
2026-01-29T20:41:23.461,user_01,f4c211c2,MOUSE_MOVE,,,157,217,MOVE,,,
2026-01-29T20:41:23.468,user_01,f4c211c2,MOUSE_MOVE,,,149,217,MOVE,,,
2026-01-29T20:41:23.474,user_01,f4c211c2,MOUSE_MOVE,,,143,216,MOVE,,,
2026-01-29T20:41:23.481,user_01,f4c211c2,MOUSE_MOVE,,,137,215,MOVE,,,
2026-01-29T20:41:23.488,user_01,f4c211c2,MOUSE_MOVE,,,134,214,MOVE,,,
2026-01-29T20:41:23.495,user_01,f4c211c2,MOUSE_MOVE,,,133,214,MOVE,,,
2026-01-29T20:41:23.503,user_01,f4c211c2,MOUSE_MOVE,,,131,213,MOVE,,,
2026-01-29T20:41:23.509,user_01,f4c211c2,MOUSE_MOVE,,,130,213,MOVE,,,
2026-01-29T20:41:23.516,user_01,f4c211c2,MOUSE_MOVE,,,129,212,MOVE,,,
2026-01-29T20:41:23.523,user_01,f4c211c2,MOUSE_MOVE,,,128,212,MOVE,,,
2026-01-29T20:41:23.570,user_01,f4c211c2,MOUSE_MOVE,,,128,211,MOVE,,,
2026-01-29T20:41:23.577,user_01,f4c211c2,MOUSE_MOVE,,,128,209,MOVE,,,
2026-01-29T20:41:23.585,user_01,f4c211c2,MOUSE_MOVE,,,128,207,MOVE,,,
2026-01-29T20:41:23.590,user_01,f4c211c2,MOUSE_MOVE,,,128,204,MOVE,,,
2026-01-29T20:41:23.598,user_01,f4c211c2,MOUSE_MOVE,,,128,199,MOVE,,,
2026-01-29T20:41:23.604,user_01,f4c211c2,MOUSE_MOVE,,,128,198,MOVE,,,
2026-01-29T20:41:23.611,user_01,f4c211c2,MOUSE_MOVE,,,128,195,MOVE,,,
2026-01-29T20:41:23.617,user_01,f4c211c2,MOUSE_MOVE,,,127,192,MOVE,,,
2026-01-29T20:41:23.626,user_01,f4c211c2,MOUSE_MOVE,,,127,190,MOVE,,,
2026-01-29T20:41:23.631,user_01,f4c211c2,MOUSE_MOVE,,,127,188,MOVE,,,
2026-01-29T20:41:23.639,user_01,f4c211c2,MOUSE_MOVE,,,127,186,MOVE,,,
2026-01-29T20:41:23.647,user_01,f4c211c2,MOUSE_MOVE,,,127,186,MOVE,,,
2026-01-29T20:41:23.653,user_01,f4c211c2,MOUSE_MOVE,,,127,183,MOVE,,,
2026-01-29T20:41:23.659,user_01,f4c211c2,MOUSE_MOVE,,,127,182,MOVE,,,
2026-01-29T20:41:23.668,user_01,f4c211c2,MOUSE_MOVE,,,127,181,MOVE,,,
2026-01-29T20:41:23.673,user_01,f4c211c2,MOUSE_MOVE,,,127,181,MOVE,,,
2026-01-29T20:41:23.680,user_01,f4c211c2,MOUSE_MOVE,,,126,180,MOVE,,,
2026-01-29T20:41:23.695,user_01,f4c211c2,MOUSE_MOVE,,,126,179,MOVE,,,
2026-01-29T20:41:23.714,user_01,f4c211c2,MOUSE_MOVE,,,126,178,MOVE,,,
2026-01-29T20:41:23.742,user_01,f4c211c2,MOUSE_MOVE,,,126,178,MOVE,,,
2026-01-29T20:41:23.982,user_01,f4c211c2,MOUSE_CLICK,,,126,178,LEFT_DOWN,,,
2026-01-29T20:41:24.209,user_01,f4c211c2,MOUSE_CLICK,,,126,178,LEFT_UP,,,
2026-01-29T20:41:27.445,user_01,f4c211c2,IDLE_START,,,,,,,,3.236
2026-01-29T20:41:31.460,user_01,f4c211c2,MOUSE_MOVE,,,147,178,MOVE,,,
2026-01-29T20:41:31.466,user_01,f4c211c2,MOUSE_MOVE,,,177,178,MOVE,,,
2026-01-29T20:41:31.474,user_01,f4c211c2,MOUSE_MOVE,,,204,180,MOVE,,,
2026-01-29T20:41:31.481,user_01,f4c211c2,MOUSE_MOVE,,,228,181,MOVE,,,
2026-01-29T20:41:31.487,user_01,f4c211c2,MOUSE_MOVE,,,251,183,MOVE,,,
2026-01-29T20:41:31.493,user_01,f4c211c2,MOUSE_MOVE,,,274,183,MOVE,,,
2026-01-29T20:41:31.500,user_01,f4c211c2,MOUSE_MOVE,,,292,185,MOVE,,,
2026-01-29T20:41:31.507,user_01,f4c211c2,MOUSE_MOVE,,,307,186,MOVE,,,
2026-01-29T20:41:31.514,user_01,f4c211c2,MOUSE_MOVE,,,320,188,MOVE,,,
2026-01-29T20:41:31.521,user_01,f4c211c2,MOUSE_MOVE,,,330,189,MOVE,,,
2026-01-29T20:41:31.528,user_01,f4c211c2,MOUSE_MOVE,,,337,189,MOVE,,,
2026-01-29T20:41:31.535,user_01,f4c211c2,MOUSE_MOVE,,,341,189,MOVE,,,
2026-01-29T20:41:31.541,user_01,f4c211c2,MOUSE_MOVE,,,347,190,MOVE,,,
2026-01-29T20:41:31.548,user_01,f4c211c2,MOUSE_MOVE,,,351,190,MOVE,,,
2026-01-29T20:41:31.555,user_01,f4c211c2,MOUSE_MOVE,,,352,190,MOVE,,,
2026-01-29T20:41:31.562,user_01,f4c211c2,MOUSE_MOVE,,,353,190,MOVE,,,
2026-01-29T20:41:31.569,user_01,f4c211c2,MOUSE_MOVE,,,355,190,MOVE,,,
2026-01-29T20:41:31.576,user_01,f4c211c2,MOUSE_MOVE,,,359,190,MOVE,,,
2026-01-29T20:41:31.583,user_01,f4c211c2,MOUSE_MOVE,,,366,190,MOVE,,,
2026-01-29T20:41:31.590,user_01,f4c211c2,MOUSE_MOVE,,,372,191,MOVE,,,
2026-01-29T20:41:31.596,user_01,f4c211c2,MOUSE_MOVE,,,378,192,MOVE,,,
2026-01-29T20:41:31.603,user_01,f4c211c2,MOUSE_MOVE,,,384,194,MOVE,,,
2026-01-29T20:41:31.611,user_01,f4c211c2,MOUSE_MOVE,,,392,196,MOVE,,,
2026-01-29T20:41:31.616,user_01,f4c211c2,MOUSE_MOVE,,,397,200,MOVE,,,
2026-01-29T20:41:31.624,user_01,f4c211c2,MOUSE_MOVE,,,404,207,MOVE,,,
2026-01-29T20:41:31.631,user_01,f4c211c2,MOUSE_MOVE,,,407,213,MOVE,,,
2026-01-29T20:41:31.637,user_01,f4c211c2,MOUSE_MOVE,,,413,220,MOVE,,,
2026-01-29T20:41:31.645,user_01,f4c211c2,MOUSE_MOVE,,,417,226,MOVE,,,
2026-01-29T20:41:31.650,user_01,f4c211c2,MOUSE_MOVE,,,419,232,MOVE,,,
2026-01-29T20:41:31.659,user_01,f4c211c2,MOUSE_MOVE,,,420,235,MOVE,,,
2026-01-29T20:41:31.665,user_01,f4c211c2,MOUSE_MOVE,,,421,238,MOVE,,,
2026-01-29T20:41:31.672,user_01,f4c211c2,MOUSE_MOVE,,,422,239,MOVE,,,
2026-01-29T20:41:31.679,user_01,f4c211c2,MOUSE_MOVE,,,423,241,MOVE,,,
2026-01-29T20:41:31.687,user_01,f4c211c2,MOUSE_MOVE,,,423,241,MOVE,,,
2026-01-29T20:41:31.693,user_01,f4c211c2,MOUSE_MOVE,,,424,241,MOVE,,,
2026-01-29T20:41:31.700,user_01,f4c211c2,MOUSE_MOVE,,,426,241,MOVE,,,
2026-01-29T20:41:31.704,user_01,f4c211c2,IDLE_END,,,,,,,,0.005
2026-01-29T20:41:31.706,user_01,f4c211c2,MOUSE_MOVE,,,431,241,MOVE,,,
2026-01-29T20:41:31.713,user_01,f4c211c2,MOUSE_MOVE,,,446,242,MOVE,,,
2026-01-29T20:41:31.721,user_01,f4c211c2,MOUSE_MOVE,,,471,242,MOVE,,,
2026-01-29T20:41:31.727,user_01,f4c211c2,MOUSE_MOVE,,,513,245,MOVE,,,
2026-01-29T20:41:31.733,user_01,f4c211c2,MOUSE_MOVE,,,559,247,MOVE,,,
2026-01-29T20:41:31.740,user_01,f4c211c2,MOUSE_MOVE,,,608,252,MOVE,,,
2026-01-29T20:41:31.747,user_01,f4c211c2,MOUSE_MOVE,,,653,252,MOVE,,,
2026-01-29T20:41:31.755,user_01,f4c211c2,MOUSE_MOVE,,,687,252,MOVE,,,
2026-01-29T20:41:31.760,user_01,f4c211c2,MOUSE_MOVE,,,703,252,MOVE,,,
2026-01-29T20:41:32.002,user_01,f4c211c2,MOUSE_MOVE,,,749,246,MOVE,,,
2026-01-29T20:41:32.008,user_01,f4c211c2,MOUSE_MOVE,,,802,242,MOVE,,,
2026-01-29T20:41:32.015,user_01,f4c211c2,MOUSE_MOVE,,,870,236,MOVE,,,
2026-01-29T20:41:32.022,user_01,f4c211c2,MOUSE_MOVE,,,938,231,MOVE,,,
2026-01-29T20:41:32.029,user_01,f4c211c2,MOUSE_MOVE,,,1007,223,MOVE,,,
2026-01-29T20:41:32.035,user_01,f4c211c2,MOUSE_MOVE,,,1068,218,MOVE,,,
2026-01-29T20:41:32.043,user_01,f4c211c2,MOUSE_MOVE,,,1124,216,MOVE,,,
2026-01-29T20:41:32.050,user_01,f4c211c2,MOUSE_MOVE,,,1174,211,MOVE,,,
2026-01-29T20:41:32.057,user_01,f4c211c2,MOUSE_MOVE,,,1212,209,MOVE,,,
2026-01-29T20:41:32.064,user_01,f4c211c2,MOUSE_MOVE,,,1238,203,MOVE,,,
2026-01-29T20:41:32.070,user_01,f4c211c2,MOUSE_MOVE,,,1255,200,MOVE,,,
2026-01-29T20:41:32.077,user_01,f4c211c2,MOUSE_MOVE,,,1269,199,MOVE,,,
2026-01-29T20:41:32.085,user_01,f4c211c2,MOUSE_MOVE,,,1279,197,MOVE,,,
2026-01-29T20:41:32.090,user_01,f4c211c2,MOUSE_MOVE,,,1285,196,MOVE,,,
2026-01-29T20:41:32.098,user_01,f4c211c2,MOUSE_MOVE,,,1288,196,MOVE,,,
2026-01-29T20:41:32.104,user_01,f4c211c2,MOUSE_MOVE,,,1291,195,MOVE,,,
2026-01-29T20:41:32.112,user_01,f4c211c2,MOUSE_MOVE,,,1292,195,MOVE,,,
2026-01-29T20:41:32.118,user_01,f4c211c2,MOUSE_MOVE,,,1292,195,MOVE,,,
2026-01-29T20:41:32.132,user_01,f4c211c2,MOUSE_MOVE,,,1293,195,MOVE,,,
2026-01-29T20:41:32.220,user_01,f4c211c2,MOUSE_MOVE,,,1295,194,MOVE,,,
2026-01-29T20:41:32.226,user_01,f4c211c2,MOUSE_MOVE,,,1296,194,MOVE,,,
2026-01-29T20:41:32.234,user_01,f4c211c2,MOUSE_MOVE,,,1298,193,MOVE,,,
2026-01-29T20:41:32.241,user_01,f4c211c2,MOUSE_MOVE,,,1301,191,MOVE,,,
2026-01-29T20:41:32.247,user_01,f4c211c2,MOUSE_MOVE,,,1304,189,MOVE,,,
2026-01-29T20:41:32.254,user_01,f4c211c2,MOUSE_MOVE,,,1310,186,MOVE,,,
2026-01-29T20:41:32.261,user_01,f4c211c2,MOUSE_MOVE,,,1313,185,MOVE,,,
2026-01-29T20:41:32.268,user_01,f4c211c2,MOUSE_MOVE,,,1316,184,MOVE,,,
2026-01-29T20:41:32.275,user_01,f4c211c2,MOUSE_MOVE,,,1318,182,MOVE,,,
2026-01-29T20:41:32.281,user_01,f4c211c2,MOUSE_MOVE,,,1320,181,MOVE,,,
2026-01-29T20:41:32.288,user_01,f4c211c2,MOUSE_MOVE,,,1322,180,MOVE,,,
2026-01-29T20:41:32.295,user_01,f4c211c2,MOUSE_MOVE,,,1323,180,MOVE,,,
2026-01-29T20:41:32.302,user_01,f4c211c2,MOUSE_MOVE,,,1324,180,MOVE,,,
2026-01-29T20:41:32.311,user_01,f4c211c2,MOUSE_MOVE,,,1324,180,MOVE,,,
2026-01-29T20:41:32.323,user_01,f4c211c2,MOUSE_MOVE,,,1325,180,MOVE,,,
2026-01-29T20:41:32.364,user_01,f4c211c2,MOUSE_MOVE,,,1325,180,MOVE,,,
2026-01-29T20:41:32.371,user_01,f4c211c2,MOUSE_MOVE,,,1324,180,MOVE,,,
2026-01-29T20:41:32.378,user_01,f4c211c2,MOUSE_MOVE,,,1321,182,MOVE,,,
2026-01-29T20:41:32.385,user_01,f4c211c2,MOUSE_MOVE,,,1313,185,MOVE,,,
2026-01-29T20:41:32.391,user_01,f4c211c2,MOUSE_MOVE,,,1307,188,MOVE,,,
2026-01-29T20:41:32.398,user_01,f4c211c2,MOUSE_MOVE,,,1297,190,MOVE,,,
2026-01-29T20:41:32.406,user_01,f4c211c2,MOUSE_MOVE,,,1289,193,MOVE,,,
2026-01-29T20:41:32.412,user_01,f4c211c2,MOUSE_MOVE,,,1282,194,MOVE,,,
2026-01-29T20:41:32.419,user_01,f4c211c2,MOUSE_MOVE,,,1272,196,MOVE,,,
2026-01-29T20:41:32.426,user_01,f4c211c2,MOUSE_MOVE,,,1265,197,MOVE,,,
2026-01-29T20:41:32.432,user_01,f4c211c2,MOUSE_MOVE,,,1259,198,MOVE,,,
2026-01-29T20:41:32.439,user_01,f4c211c2,MOUSE_MOVE,,,1251,198,MOVE,,,
2026-01-29T20:41:32.446,user_01,f4c211c2,MOUSE_MOVE,,,1247,199,MOVE,,,
2026-01-29T20:41:32.453,user_01,f4c211c2,MOUSE_MOVE,,,1243,199,MOVE,,,
2026-01-29T20:41:32.460,user_01,f4c211c2,MOUSE_MOVE,,,1239,200,MOVE,,,
2026-01-29T20:41:32.467,user_01,f4c211c2,MOUSE_MOVE,,,1236,200,MOVE,,,
2026-01-29T20:41:32.474,user_01,f4c211c2,MOUSE_MOVE,,,1231,200,MOVE,,,
2026-01-29T20:41:32.480,user_01,f4c211c2,MOUSE_MOVE,,,1229,200,MOVE,,,
2026-01-29T20:41:32.489,user_01,f4c211c2,MOUSE_MOVE,,,1227,200,MOVE,,,
2026-01-29T20:41:32.495,user_01,f4c211c2,MOUSE_MOVE,,,1225,200,MOVE,,,
2026-01-29T20:41:32.502,user_01,f4c211c2,MOUSE_MOVE,,,1223,200,MOVE,,,
2026-01-29T20:41:32.508,user_01,f4c211c2,MOUSE_MOVE,,,1221,200,MOVE,,,
2026-01-29T20:41:32.515,user_01,f4c211c2,MOUSE_MOVE,,,1221,200,MOVE,,,
2026-01-29T20:41:32.523,user_01,f4c211c2,MOUSE_MOVE,,,1220,200,MOVE,,,
2026-01-29T20:41:32.584,user_01,f4c211c2,MOUSE_MOVE,,,1219,200,MOVE,,,
2026-01-29T20:41:32.625,user_01,f4c211c2,MOUSE_MOVE,,,1218,200,MOVE,,,
2026-01-29T20:41:32.631,user_01,f4c211c2,MOUSE_MOVE,,,1217,200,MOVE,,,
2026-01-29T20:41:32.638,user_01,f4c211c2,MOUSE_MOVE,,,1214,198,MOVE,,,
2026-01-29T20:41:32.646,user_01,f4c211c2,MOUSE_MOVE,,,1213,197,MOVE,,,
2026-01-29T20:41:32.652,user_01,f4c211c2,MOUSE_MOVE,,,1211,195,MOVE,,,
2026-01-29T20:41:32.659,user_01,f4c211c2,MOUSE_MOVE,,,1209,194,MOVE,,,
2026-01-29T20:41:32.665,user_01,f4c211c2,MOUSE_MOVE,,,1208,192,MOVE,,,
2026-01-29T20:41:32.672,user_01,f4c211c2,MOUSE_MOVE,,,1207,191,MOVE,,,
2026-01-29T20:41:32.679,user_01,f4c211c2,MOUSE_MOVE,,,1207,191,MOVE,,,
2026-01-29T20:41:32.687,user_01,f4c211c2,MOUSE_MOVE,,,1206,190,MOVE,,,
2026-01-29T20:41:32.693,user_01,f4c211c2,MOUSE_MOVE,,,1205,188,MOVE,,,
2026-01-29T20:41:32.699,user_01,f4c211c2,MOUSE_MOVE,,,1205,187,MOVE,,,
2026-01-29T20:41:32.706,user_01,f4c211c2,MOUSE_MOVE,,,1204,187,MOVE,,,
2026-01-29T20:41:32.714,user_01,f4c211c2,MOUSE_MOVE,,,1204,187,MOVE,,,
2026-01-29T20:41:32.721,user_01,f4c211c2,MOUSE_MOVE,,,1204,186,MOVE,,,
2026-01-29T20:41:32.728,user_01,f4c211c2,MOUSE_MOVE,,,1204,185,MOVE,,,
2026-01-29T20:41:32.748,user_01,f4c211c2,MOUSE_MOVE,,,1204,184,MOVE,,,
2026-01-29T20:41:32.974,user_01,f4c211c2,MOUSE_CLICK,,,1204,184,LEFT_DOWN,,,
2026-01-29T20:41:33.200,user_01,f4c211c2,MOUSE_CLICK,,,1204,184,LEFT_UP,,,
2026-01-29T20:41:33.504,user_01,f4c211c2,MOUSE_MOVE,,,1189,184,MOVE,,,
2026-01-29T20:41:33.508,user_01,f4c211c2,MOUSE_MOVE,,,1156,185,MOVE,,,
2026-01-29T20:41:33.516,user_01,f4c211c2,MOUSE_MOVE,,,1114,187,MOVE,,,
2026-01-29T20:41:33.523,user_01,f4c211c2,MOUSE_MOVE,,,1067,192,MOVE,,,
2026-01-29T20:41:33.530,user_01,f4c211c2,MOUSE_MOVE,,,1021,197,MOVE,,,
2026-01-29T20:41:33.537,user_01,f4c211c2,MOUSE_MOVE,,,976,199,MOVE,,,
2026-01-29T20:41:33.544,user_01,f4c211c2,MOUSE_MOVE,,,929,204,MOVE,,,
2026-01-29T20:41:33.550,user_01,f4c211c2,MOUSE_MOVE,,,887,208,MOVE,,,
2026-01-29T20:41:33.558,user_01,f4c211c2,MOUSE_MOVE,,,844,212,MOVE,,,
2026-01-29T20:41:33.563,user_01,f4c211c2,MOUSE_MOVE,,,805,217,MOVE,,,
2026-01-29T20:41:33.571,user_01,f4c211c2,MOUSE_MOVE,,,767,219,MOVE,,,
2026-01-29T20:41:33.578,user_01,f4c211c2,MOUSE_MOVE,,,735,223,MOVE,,,
2026-01-29T20:41:33.585,user_01,f4c211c2,MOUSE_MOVE,,,710,226,MOVE,,,
2026-01-29T20:41:33.591,user_01,f4c211c2,MOUSE_MOVE,,,679,228,MOVE,,,
2026-01-29T20:41:33.599,user_01,f4c211c2,MOUSE_MOVE,,,652,230,MOVE,,,
2026-01-29T20:41:33.605,user_01,f4c211c2,MOUSE_MOVE,,,624,234,MOVE,,,
2026-01-29T20:41:33.613,user_01,f4c211c2,MOUSE_MOVE,,,606,234,MOVE,,,
2026-01-29T20:41:33.620,user_01,f4c211c2,MOUSE_MOVE,,,586,236,MOVE,,,
2026-01-29T20:41:33.626,user_01,f4c211c2,MOUSE_MOVE,,,571,237,MOVE,,,
2026-01-29T20:41:33.633,user_01,f4c211c2,MOUSE_MOVE,,,555,237,MOVE,,,
2026-01-29T20:41:33.638,user_01,f4c211c2,MOUSE_MOVE,,,542,237,MOVE,,,
2026-01-29T20:41:33.647,user_01,f4c211c2,MOUSE_MOVE,,,529,237,MOVE,,,
2026-01-29T20:41:33.652,user_01,f4c211c2,MOUSE_MOVE,,,520,237,MOVE,,,
2026-01-29T20:41:33.660,user_01,f4c211c2,MOUSE_MOVE,,,510,237,MOVE,,,
2026-01-29T20:41:33.666,user_01,f4c211c2,MOUSE_MOVE,,,503,237,MOVE,,,
2026-01-29T20:41:33.674,user_01,f4c211c2,MOUSE_MOVE,,,497,237,MOVE,,,
2026-01-29T20:41:33.682,user_01,f4c211c2,MOUSE_MOVE,,,491,235,MOVE,,,
2026-01-29T20:41:33.687,user_01,f4c211c2,MOUSE_MOVE,,,489,235,MOVE,,,
2026-01-29T20:41:33.694,user_01,f4c211c2,MOUSE_MOVE,,,486,235,MOVE,,,
2026-01-29T20:41:33.701,user_01,f4c211c2,MOUSE_MOVE,,,482,235,MOVE,,,
2026-01-29T20:41:33.707,user_01,f4c211c2,MOUSE_MOVE,,,477,235,MOVE,,,
2026-01-29T20:41:33.715,user_01,f4c211c2,MOUSE_MOVE,,,471,235,MOVE,,,
2026-01-29T20:41:33.721,user_01,f4c211c2,MOUSE_MOVE,,,464,235,MOVE,,,
2026-01-29T20:41:33.730,user_01,f4c211c2,MOUSE_MOVE,,,459,235,MOVE,,,
2026-01-29T20:41:33.736,user_01,f4c211c2,MOUSE_MOVE,,,454,235,MOVE,,,
2026-01-29T20:41:33.743,user_01,f4c211c2,MOUSE_MOVE,,,448,235,MOVE,,,
2026-01-29T20:41:33.749,user_01,f4c211c2,MOUSE_MOVE,,,443,235,MOVE,,,
2026-01-29T20:41:33.757,user_01,f4c211c2,MOUSE_MOVE,,,438,234,MOVE,,,
2026-01-29T20:41:33.763,user_01,f4c211c2,MOUSE_MOVE,,,434,234,MOVE,,,
2026-01-29T20:41:33.770,user_01,f4c211c2,MOUSE_MOVE,,,431,233,MOVE,,,
2026-01-29T20:41:33.775,user_01,f4c211c2,MOUSE_MOVE,,,428,233,MOVE,,,
2026-01-29T20:41:33.784,user_01,f4c211c2,MOUSE_MOVE,,,425,232,MOVE,,,
2026-01-29T20:41:33.790,user_01,f4c211c2,MOUSE_MOVE,,,421,232,MOVE,,,
2026-01-29T20:41:33.796,user_01,f4c211c2,MOUSE_MOVE,,,418,231,MOVE,,,
2026-01-29T20:41:33.803,user_01,f4c211c2,MOUSE_MOVE,,,415,229,MOVE,,,
2026-01-29T20:41:33.810,user_01,f4c211c2,MOUSE_MOVE,,,412,228,MOVE,,,
2026-01-29T20:41:33.817,user_01,f4c211c2,MOUSE_MOVE,,,409,226,MOVE,,,
2026-01-29T20:41:33.824,user_01,f4c211c2,MOUSE_MOVE,,,407,225,MOVE,,,
2026-01-29T20:41:33.831,user_01,f4c211c2,MOUSE_MOVE,,,405,223,MOVE,,,
2026-01-29T20:41:33.837,user_01,f4c211c2,MOUSE_MOVE,,,401,221,MOVE,,,
2026-01-29T20:41:33.845,user_01,f4c211c2,MOUSE_MOVE,,,399,219,MOVE,,,
2026-01-29T20:41:33.851,user_01,f4c211c2,MOUSE_MOVE,,,398,217,MOVE,,,
2026-01-29T20:41:33.858,user_01,f4c211c2,MOUSE_MOVE,,,397,217,MOVE,,,
2026-01-29T20:41:33.866,user_01,f4c211c2,MOUSE_MOVE,,,396,215,MOVE,,,
2026-01-29T20:41:33.873,user_01,f4c211c2,MOUSE_MOVE,,,395,214,MOVE,,,
2026-01-29T20:41:33.880,user_01,f4c211c2,MOUSE_MOVE,,,395,213,MOVE,,,
2026-01-29T20:41:33.894,user_01,f4c211c2,MOUSE_MOVE,,,395,213,MOVE,,,
2026-01-29T20:41:33.901,user_01,f4c211c2,MOUSE_MOVE,,,395,212,MOVE,,,
2026-01-29T20:41:33.907,user_01,f4c211c2,MOUSE_MOVE,,,395,211,MOVE,,,
2026-01-29T20:41:33.913,user_01,f4c211c2,MOUSE_MOVE,,,395,210,MOVE,,,
2026-01-29T20:41:33.921,user_01,f4c211c2,MOUSE_MOVE,,,395,209,MOVE,,,
2026-01-29T20:41:33.928,user_01,f4c211c2,MOUSE_MOVE,,,395,209,MOVE,,,
2026-01-29T20:41:33.935,user_01,f4c211c2,MOUSE_MOVE,,,395,208,MOVE,,,
2026-01-29T20:41:33.941,user_01,f4c211c2,MOUSE_MOVE,,,395,207,MOVE,,,
2026-01-29T20:41:33.953,user_01,f4c211c2,MOUSE_MOVE,,,395,206,MOVE,,,
2026-01-29T20:41:33.968,user_01,f4c211c2,MOUSE_MOVE,,,395,205,MOVE,,,
2026-01-29T20:41:34.243,user_01,f4c211c2,MOUSE_CLICK,,,395,205,LEFT_DOWN,,,
2026-01-29T20:41:34.469,user_01,f4c211c2,MOUSE_CLICK,,,395,205,LEFT_UP,,,
2026-01-29T20:41:34.689,user_01,f4c211c2,MOUSE_MOVE,,,403,211,MOVE,,,
2026-01-29T20:41:34.696,user_01,f4c211c2,MOUSE_MOVE,,,416,222,MOVE,,,
2026-01-29T20:41:34.703,user_01,f4c211c2,MOUSE_MOVE,,,438,240,MOVE,,,
2026-01-29T20:41:34.710,user_01,f4c211c2,MOUSE_MOVE,,,461,257,MOVE,,,
2026-01-29T20:41:34.716,user_01,f4c211c2,MOUSE_MOVE,,,480,278,MOVE,,,
2026-01-29T20:41:34.723,user_01,f4c211c2,MOUSE_MOVE,,,503,295,MOVE,,,
2026-01-29T20:41:34.730,user_01,f4c211c2,MOUSE_MOVE,,,523,312,MOVE,,,
2026-01-29T20:41:34.738,user_01,f4c211c2,MOUSE_MOVE,,,543,326,MOVE,,,
2026-01-29T20:41:34.744,user_01,f4c211c2,MOUSE_MOVE,,,556,338,MOVE,,,
2026-01-29T20:41:34.750,user_01,f4c211c2,MOUSE_MOVE,,,570,352,MOVE,,,
2026-01-29T20:41:34.757,user_01,f4c211c2,MOUSE_MOVE,,,583,366,MOVE,,,
2026-01-29T20:41:34.764,user_01,f4c211c2,MOUSE_MOVE,,,592,380,MOVE,,,
2026-01-29T20:41:34.771,user_01,f4c211c2,MOUSE_MOVE,,,602,393,MOVE,,,
2026-01-29T20:41:34.778,user_01,f4c211c2,MOUSE_MOVE,,,610,405,MOVE,,,
2026-01-29T20:41:34.785,user_01,f4c211c2,MOUSE_MOVE,,,615,413,MOVE,,,
2026-01-29T20:41:34.792,user_01,f4c211c2,MOUSE_MOVE,,,622,422,MOVE,,,
2026-01-29T20:41:34.798,user_01,f4c211c2,MOUSE_MOVE,,,625,426,MOVE,,,
2026-01-29T20:41:34.805,user_01,f4c211c2,MOUSE_MOVE,,,627,433,MOVE,,,
2026-01-29T20:41:34.812,user_01,f4c211c2,MOUSE_MOVE,,,627,440,MOVE,,,
2026-01-29T20:41:34.819,user_01,f4c211c2,MOUSE_MOVE,,,627,451,MOVE,,,
2026-01-29T20:41:34.826,user_01,f4c211c2,MOUSE_MOVE,,,627,462,MOVE,,,
2026-01-29T20:41:34.832,user_01,f4c211c2,MOUSE_MOVE,,,627,468,MOVE,,,
2026-01-29T20:41:37.901,user_01,f4c211c2,MOUSE_MOVE,,,643,473,MOVE,,,
2026-01-29T20:41:37.908,user_01,f4c211c2,MOUSE_MOVE,,,666,478,MOVE,,,
2026-01-29T20:41:37.915,user_01,f4c211c2,MOUSE_MOVE,,,701,491,MOVE,,,
2026-01-29T20:41:37.922,user_01,f4c211c2,MOUSE_MOVE,,,730,505,MOVE,,,
2026-01-29T20:41:37.929,user_01,f4c211c2,MOUSE_MOVE,,,757,517,MOVE,,,
2026-01-29T20:41:37.936,user_01,f4c211c2,MOUSE_MOVE,,,800,533,MOVE,,,
2026-01-29T20:41:37.943,user_01,f4c211c2,MOUSE_MOVE,,,836,554,MOVE,,,
2026-01-29T20:41:37.949,user_01,f4c211c2,MOUSE_MOVE,,,869,571,MOVE,,,
2026-01-29T20:41:37.956,user_01,f4c211c2,MOUSE_MOVE,,,897,585,MOVE,,,
2026-01-29T20:41:37.963,user_01,f4c211c2,MOUSE_MOVE,,,922,599,MOVE,,,
2026-01-29T20:41:37.969,user_01,f4c211c2,MOUSE_MOVE,,,943,609,MOVE,,,
2026-01-29T20:41:37.977,user_01,f4c211c2,MOUSE_MOVE,,,967,619,MOVE,,,
2026-01-29T20:41:37.983,user_01,f4c211c2,MOUSE_MOVE,,,988,629,MOVE,,,
2026-01-29T20:41:37.990,user_01,f4c211c2,MOUSE_MOVE,,,1003,637,MOVE,,,
2026-01-29T20:41:37.997,user_01,f4c211c2,MOUSE_MOVE,,,1019,644,MOVE,,,
2026-01-29T20:41:38.004,user_01,f4c211c2,MOUSE_MOVE,,,1030,650,MOVE,,,
2026-01-29T20:41:38.011,user_01,f4c211c2,MOUSE_MOVE,,,1042,658,MOVE,,,
2026-01-29T20:41:38.017,user_01,f4c211c2,MOUSE_MOVE,,,1052,662,MOVE,,,
2026-01-29T20:41:38.025,user_01,f4c211c2,MOUSE_MOVE,,,1058,664,MOVE,,,
2026-01-29T20:41:38.032,user_01,f4c211c2,MOUSE_MOVE,,,1060,666,MOVE,,,
2026-01-29T20:41:38.038,user_01,f4c211c2,MOUSE_MOVE,,,1062,667,MOVE,,,
2026-01-29T20:41:38.046,user_01,f4c211c2,MOUSE_MOVE,,,1063,668,MOVE,,,
2026-01-29T20:41:38.052,user_01,f4c211c2,MOUSE_MOVE,,,1064,670,MOVE,,,
2026-01-29T20:41:38.059,user_01,f4c211c2,MOUSE_MOVE,,,1066,671,MOVE,,,
2026-01-29T20:41:38.066,user_01,f4c211c2,MOUSE_MOVE,,,1068,673,MOVE,,,
2026-01-29T20:41:38.073,user_01,f4c211c2,MOUSE_MOVE,,,1069,675,MOVE,,,
2026-01-29T20:41:38.079,user_01,f4c211c2,MOUSE_MOVE,,,1072,679,MOVE,,,
2026-01-29T20:41:38.086,user_01,f4c211c2,MOUSE_MOVE,,,1075,682,MOVE,,,
2026-01-29T20:41:38.093,user_01,f4c211c2,MOUSE_MOVE,,,1078,687,MOVE,,,
2026-01-29T20:41:38.100,user_01,f4c211c2,MOUSE_MOVE,,,1082,692,MOVE,,,
2026-01-29T20:41:38.107,user_01,f4c211c2,MOUSE_MOVE,,,1086,696,MOVE,,,
2026-01-29T20:41:38.402,user_01,f4c211c2,MOUSE_MOVE,,,1105,703,MOVE,,,
2026-01-29T20:41:38.410,user_01,f4c211c2,MOUSE_MOVE,,,1128,712,MOVE,,,
2026-01-29T20:41:38.416,user_01,f4c211c2,MOUSE_MOVE,,,1159,722,MOVE,,,
2026-01-29T20:41:38.423,user_01,f4c211c2,MOUSE_MOVE,,,1183,733,MOVE,,,
2026-01-29T20:41:38.430,user_01,f4c211c2,MOUSE_MOVE,,,1212,748,MOVE,,,
2026-01-29T20:41:38.437,user_01,f4c211c2,MOUSE_MOVE,,,1243,760,MOVE,,,
2026-01-29T20:41:38.444,user_01,f4c211c2,MOUSE_MOVE,,,1268,774,MOVE,,,
2026-01-29T20:41:38.451,user_01,f4c211c2,MOUSE_MOVE,,,1288,782,MOVE,,,
2026-01-29T20:41:38.458,user_01,f4c211c2,MOUSE_MOVE,,,1308,789,MOVE,,,
2026-01-29T20:41:38.464,user_01,f4c211c2,MOUSE_MOVE,,,1323,795,MOVE,,,
2026-01-29T20:41:38.471,user_01,f4c211c2,MOUSE_MOVE,,,1340,799,MOVE,,,
2026-01-29T20:41:38.478,user_01,f4c211c2,MOUSE_MOVE,,,1355,805,MOVE,,,
2026-01-29T20:41:38.484,user_01,f4c211c2,MOUSE_MOVE,,,1368,808,MOVE,,,
2026-01-29T20:41:38.492,user_01,f4c211c2,MOUSE_MOVE,,,1376,812,MOVE,,,
2026-01-29T20:41:38.499,user_01,f4c211c2,MOUSE_MOVE,,,1386,815,MOVE,,,
2026-01-29T20:41:38.505,user_01,f4c211c2,MOUSE_MOVE,,,1390,817,MOVE,,,
2026-01-29T20:41:38.513,user_01,f4c211c2,MOUSE_MOVE,,,1397,820,MOVE,,,
2026-01-29T20:41:38.519,user_01,f4c211c2,MOUSE_MOVE,,,1399,821,MOVE,,,
2026-01-29T20:41:38.526,user_01,f4c211c2,MOUSE_MOVE,,,1399,822,MOVE,,,
2026-01-29T20:41:38.533,user_01,f4c211c2,MOUSE_MOVE,,,1400,822,MOVE,,,
2026-01-29T20:41:38.547,user_01,f4c211c2,MOUSE_MOVE,,,1401,822,MOVE,,,
2026-01-29T20:41:38.622,user_01,f4c211c2,MOUSE_MOVE,,,1401,822,MOVE,,,
2026-01-29T20:41:38.676,user_01,f4c211c2,MOUSE_MOVE,,,1401,822,MOVE,,,
2026-01-29T20:41:38.704,user_01,f4c211c2,MOUSE_MOVE,,,1401,822,MOVE,,,
2026-01-29T20:41:38.732,user_01,f4c211c2,MOUSE_MOVE,,,1400,822,MOVE,,,
2026-01-29T20:41:38.765,user_01,f4c211c2,MOUSE_MOVE,,,1400,821,MOVE,,,
2026-01-29T20:41:38.772,user_01,f4c211c2,MOUSE_MOVE,,,1400,821,MOVE,,,
2026-01-29T20:41:38.828,user_01,f4c211c2,MOUSE_MOVE,,,1399,821,MOVE,,,
2026-01-29T20:41:38.835,user_01,f4c211c2,MOUSE_MOVE,,,1398,820,MOVE,,,
2026-01-29T20:41:38.842,user_01,f4c211c2,MOUSE_MOVE,,,1395,818,MOVE,,,
2026-01-29T20:41:38.848,user_01,f4c211c2,MOUSE_MOVE,,,1391,816,MOVE,,,
2026-01-29T20:41:38.857,user_01,f4c211c2,MOUSE_MOVE,,,1386,814,MOVE,,,
2026-01-29T20:41:38.862,user_01,f4c211c2,MOUSE_MOVE,,,1383,813,MOVE,,,
2026-01-29T20:41:38.868,user_01,f4c211c2,MOUSE_MOVE,,,1381,810,MOVE,,,
2026-01-29T20:41:38.875,user_01,f4c211c2,MOUSE_MOVE,,,1380,810,MOVE,,,
2026-01-29T20:41:38.882,user_01,f4c211c2,MOUSE_MOVE,,,1378,810,MOVE,,,
2026-01-29T20:41:38.889,user_01,f4c211c2,MOUSE_MOVE,,,1377,808,MOVE,,,
2026-01-29T20:41:38.896,user_01,f4c211c2,MOUSE_MOVE,,,1376,807,MOVE,,,
2026-01-29T20:41:38.904,user_01,f4c211c2,MOUSE_MOVE,,,1375,807,MOVE,,,
2026-01-29T20:41:38.917,user_01,f4c211c2,MOUSE_MOVE,,,1374,806,MOVE,,,
2026-01-29T20:41:38.924,user_01,f4c211c2,MOUSE_MOVE,,,1373,806,MOVE,,,
2026-01-29T20:41:38.945,user_01,f4c211c2,MOUSE_MOVE,,,1372,805,MOVE,,,
2026-01-29T20:41:38.965,user_01,f4c211c2,MOUSE_MOVE,,,1371,805,MOVE,,,
2026-01-29T20:41:38.971,user_01,f4c211c2,MOUSE_MOVE,,,1370,805,MOVE,,,
2026-01-29T20:41:38.978,user_01,f4c211c2,MOUSE_MOVE,,,1368,805,MOVE,,,
2026-01-29T20:41:38.987,user_01,f4c211c2,MOUSE_MOVE,,,1367,805,MOVE,,,
2026-01-29T20:41:38.991,user_01,f4c211c2,MOUSE_MOVE,,,1365,805,MOVE,,,
2026-01-29T20:41:39.000,user_01,f4c211c2,MOUSE_MOVE,,,1364,805,MOVE,,,
2026-01-29T20:41:39.005,user_01,f4c211c2,MOUSE_MOVE,,,1362,805,MOVE,,,
2026-01-29T20:41:39.012,user_01,f4c211c2,MOUSE_MOVE,,,1360,805,MOVE,,,
2026-01-29T20:41:39.019,user_01,f4c211c2,MOUSE_MOVE,,,1358,805,MOVE,,,
2026-01-29T20:41:39.027,user_01,f4c211c2,MOUSE_MOVE,,,1355,804,MOVE,,,
2026-01-29T20:41:39.033,user_01,f4c211c2,MOUSE_MOVE,,,1354,804,MOVE,,,
2026-01-29T20:41:39.040,user_01,f4c211c2,MOUSE_MOVE,,,1352,804,MOVE,,,
2026-01-29T20:41:39.046,user_01,f4c211c2,MOUSE_MOVE,,,1351,804,MOVE,,,
2026-01-29T20:41:39.055,user_01,f4c211c2,MOUSE_MOVE,,,1349,804,MOVE,,,
2026-01-29T20:41:39.061,user_01,f4c211c2,MOUSE_MOVE,,,1349,804,MOVE,,,
2026-01-29T20:41:39.069,user_01,f4c211c2,MOUSE_MOVE,,,1347,804,MOVE,,,
2026-01-29T20:41:39.074,user_01,f4c211c2,MOUSE_MOVE,,,1345,804,MOVE,,,
2026-01-29T20:41:39.082,user_01,f4c211c2,MOUSE_MOVE,,,1341,803,MOVE,,,
2026-01-29T20:41:39.087,user_01,f4c211c2,MOUSE_MOVE,,,1337,802,MOVE,,,
2026-01-29T20:41:42.224,user_01,f4c211c2,IDLE_START,,,,,,,,3.136
2026-01-29T20:41:44.316,user_01,f4c211c2,MOUSE_MOVE,,,1330,800,MOVE,,,
2026-01-29T20:41:44.322,user_01,f4c211c2,MOUSE_MOVE,,,1324,796,MOVE,,,
2026-01-29T20:41:44.330,user_01,f4c211c2,MOUSE_MOVE,,,1316,793,MOVE,,,
2026-01-29T20:41:44.336,user_01,f4c211c2,MOUSE_MOVE,,,1306,791,MOVE,,,
2026-01-29T20:41:44.342,user_01,f4c211c2,MOUSE_MOVE,,,1300,788,MOVE,,,
2026-01-29T20:41:44.349,user_01,f4c211c2,MOUSE_MOVE,,,1294,786,MOVE,,,
2026-01-29T20:41:44.356,user_01,f4c211c2,MOUSE_MOVE,,,1288,783,MOVE,,,
2026-01-29T20:41:44.363,user_01,f4c211c2,MOUSE_MOVE,,,1282,783,MOVE,,,
2026-01-29T20:41:44.369,user_01,f4c211c2,MOUSE_MOVE,,,1278,782,MOVE,,,
2026-01-29T20:41:44.378,user_01,f4c211c2,MOUSE_MOVE,,,1275,781,MOVE,,,
2026-01-29T20:41:44.383,user_01,f4c211c2,MOUSE_MOVE,,,1272,781,MOVE,,,
2026-01-29T20:41:44.393,user_01,f4c211c2,MOUSE_MOVE,,,1269,781,MOVE,,,
2026-01-29T20:41:44.397,user_01,f4c211c2,MOUSE_MOVE,,,1267,781,MOVE,,,
2026-01-29T20:41:44.405,user_01,f4c211c2,MOUSE_MOVE,,,1264,781,MOVE,,,
2026-01-29T20:41:44.410,user_01,f4c211c2,MOUSE_MOVE,,,1263,781,MOVE,,,
2026-01-29T20:41:44.418,user_01,f4c211c2,MOUSE_MOVE,,,1262,781,MOVE,,,
2026-01-29T20:41:44.432,user_01,f4c211c2,MOUSE_MOVE,,,1261,781,MOVE,,,
2026-01-29T20:41:44.438,user_01,f4c211c2,MOUSE_MOVE,,,1260,781,MOVE,,,
2026-01-29T20:41:44.478,user_01,f4c211c2,IDLE_END,,,,,,,,0.039
2026-01-29T20:41:44.576,user_01,f4c211c2,MOUSE_MOVE,,,1259,781,MOVE,,,
2026-01-29T20:41:44.638,user_01,f4c211c2,MOUSE_MOVE,,,1259,781,MOVE,,,
2026-01-29T20:41:44.644,user_01,f4c211c2,MOUSE_MOVE,,,1258,781,MOVE,,,
2026-01-29T20:41:44.650,user_01,f4c211c2,MOUSE_MOVE,,,1257,781,MOVE,,,
2026-01-29T20:41:44.658,user_01,f4c211c2,MOUSE_MOVE,,,1255,781,MOVE,,,
2026-01-29T20:41:44.665,user_01,f4c211c2,MOUSE_MOVE,,,1253,780,MOVE,,,
2026-01-29T20:41:44.673,user_01,f4c211c2,MOUSE_MOVE,,,1252,780,MOVE,,,
2026-01-29T20:41:44.680,user_01,f4c211c2,MOUSE_MOVE,,,1248,780,MOVE,,,
2026-01-29T20:41:44.687,user_01,f4c211c2,MOUSE_MOVE,,,1245,778,MOVE,,,
2026-01-29T20:41:44.695,user_01,f4c211c2,MOUSE_MOVE,,,1242,778,MOVE,,,
2026-01-29T20:41:44.700,user_01,f4c211c2,MOUSE_MOVE,,,1240,777,MOVE,,,
2026-01-29T20:41:44.707,user_01,f4c211c2,MOUSE_MOVE,,,1237,777,MOVE,,,
2026-01-29T20:41:44.715,user_01,f4c211c2,MOUSE_MOVE,,,1235,776,MOVE,,,
2026-01-29T20:41:44.723,user_01,f4c211c2,MOUSE_MOVE,,,1233,776,MOVE,,,
2026-01-29T20:41:44.729,user_01,f4c211c2,MOUSE_MOVE,,,1230,776,MOVE,,,
2026-01-29T20:41:44.733,user_01,f4c211c2,MOUSE_MOVE,,,1228,775,MOVE,,,
2026-01-29T20:41:44.741,user_01,f4c211c2,MOUSE_MOVE,,,1227,775,MOVE,,,
2026-01-29T20:41:44.747,user_01,f4c211c2,MOUSE_MOVE,,,1226,775,MOVE,,,
2026-01-29T20:41:44.755,user_01,f4c211c2,MOUSE_MOVE,,,1224,775,MOVE,,,
2026-01-29T20:41:44.761,user_01,f4c211c2,MOUSE_MOVE,,,1222,775,MOVE,,,
2026-01-29T20:41:44.768,user_01,f4c211c2,MOUSE_MOVE,,,1221,775,MOVE,,,
2026-01-29T20:41:44.775,user_01,f4c211c2,MOUSE_MOVE,,,1219,775,MOVE,,,
2026-01-29T20:41:44.783,user_01,f4c211c2,MOUSE_MOVE,,,1216,774,MOVE,,,
2026-01-29T20:41:44.788,user_01,f4c211c2,MOUSE_MOVE,,,1212,774,MOVE,,,
2026-01-29T20:41:44.796,user_01,f4c211c2,MOUSE_MOVE,,,1210,774,MOVE,,,
2026-01-29T20:41:44.802,user_01,f4c211c2,MOUSE_MOVE,,,1207,774,MOVE,,,
2026-01-29T20:41:44.810,user_01,f4c211c2,MOUSE_MOVE,,,1205,774,MOVE,,,
2026-01-29T20:41:44.816,user_01,f4c211c2,MOUSE_MOVE,,,1202,774,MOVE,,,
2026-01-29T20:41:44.824,user_01,f4c211c2,MOUSE_MOVE,,,1199,773,MOVE,,,
2026-01-29T20:41:44.830,user_01,f4c211c2,MOUSE_MOVE,,,1198,773,MOVE,,,
2026-01-29T20:41:44.836,user_01,f4c211c2,MOUSE_MOVE,,,1192,773,MOVE,,,
2026-01-29T20:41:44.844,user_01,f4c211c2,MOUSE_MOVE,,,1189,773,MOVE,,,
2026-01-29T20:41:44.852,user_01,f4c211c2,MOUSE_MOVE,,,1184,773,MOVE,,,
2026-01-29T20:41:44.857,user_01,f4c211c2,MOUSE_MOVE,,,1178,773,MOVE,,,
2026-01-29T20:41:44.865,user_01,f4c211c2,MOUSE_MOVE,,,1172,773,MOVE,,,
2026-01-29T20:41:44.870,user_01,f4c211c2,MOUSE_MOVE,,,1165,773,MOVE,,,
2026-01-29T20:41:44.878,user_01,f4c211c2,MOUSE_MOVE,,,1159,773,MOVE,,,
2026-01-29T20:41:44.884,user_01,f4c211c2,MOUSE_MOVE,,,1153,773,MOVE,,,
2026-01-29T20:41:44.891,user_01,f4c211c2,MOUSE_MOVE,,,1146,773,MOVE,,,
2026-01-29T20:41:44.898,user_01,f4c211c2,MOUSE_MOVE,,,1138,774,MOVE,,,
2026-01-29T20:41:44.906,user_01,f4c211c2,MOUSE_MOVE,,,1132,775,MOVE,,,
2026-01-29T20:41:44.912,user_01,f4c211c2,MOUSE_MOVE,,,1126,776,MOVE,,,
2026-01-29T20:41:44.920,user_01,f4c211c2,MOUSE_MOVE,,,1122,777,MOVE,,,
2026-01-29T20:41:44.925,user_01,f4c211c2,MOUSE_MOVE,,,1116,777,MOVE,,,
2026-01-29T20:41:44.933,user_01,f4c211c2,MOUSE_MOVE,,,1112,778,MOVE,,,
2026-01-29T20:41:44.939,user_01,f4c211c2,MOUSE_MOVE,,,1109,780,MOVE,,,
2026-01-29T20:41:44.947,user_01,f4c211c2,MOUSE_MOVE,,,1106,780,MOVE,,,
2026-01-29T20:41:44.953,user_01,f4c211c2,MOUSE_MOVE,,,1103,781,MOVE,,,
2026-01-29T20:41:44.961,user_01,f4c211c2,MOUSE_MOVE,,,1101,781,MOVE,,,
2026-01-29T20:41:44.966,user_01,f4c211c2,MOUSE_MOVE,,,1101,782,MOVE,,,
2026-01-29T20:41:44.975,user_01,f4c211c2,MOUSE_MOVE,,,1100,782,MOVE,,,
2026-01-29T20:41:44.980,user_01,f4c211c2,MOUSE_MOVE,,,1100,783,MOVE,,,
2026-01-29T20:41:44.987,user_01,f4c211c2,MOUSE_MOVE,,,1099,783,MOVE,,,
2026-01-29T20:41:48.234,user_01,f4c211c2,IDLE_START,,,,,,,,3.247
2026-01-29T20:41:50.194,user_01,f4c211c2,MOUSE_MOVE,,,1093,769,MOVE,,,
2026-01-29T20:41:50.201,user_01,f4c211c2,MOUSE_MOVE,,,1083,742,MOVE,,,
2026-01-29T20:41:50.207,user_01,f4c211c2,MOUSE_MOVE,,,1070,707,MOVE,,,
2026-01-29T20:41:50.214,user_01,f4c211c2,MOUSE_MOVE,,,1054,678,MOVE,,,
2026-01-29T20:41:50.221,user_01,f4c211c2,MOUSE_MOVE,,,1042,650,MOVE,,,
2026-01-29T20:41:50.227,user_01,f4c211c2,MOUSE_MOVE,,,1033,630,MOVE,,,
2026-01-29T20:41:50.234,user_01,f4c211c2,MOUSE_MOVE,,,1023,612,MOVE,,,
2026-01-29T20:41:50.238,user_01,f4c211c2,IDLE_END,,,,,,,,0.004
2026-01-29T20:41:50.241,user_01,f4c211c2,MOUSE_MOVE,,,1016,598,MOVE,,,
2026-01-29T20:41:50.248,user_01,f4c211c2,MOUSE_MOVE,,,1009,587,MOVE,,,
2026-01-29T20:41:50.255,user_01,f4c211c2,MOUSE_MOVE,,,1002,578,MOVE,,,
2026-01-29T20:41:50.262,user_01,f4c211c2,MOUSE_MOVE,,,995,570,MOVE,,,
2026-01-29T20:41:50.270,user_01,f4c211c2,MOUSE_MOVE,,,989,563,MOVE,,,
2026-01-29T20:41:50.276,user_01,f4c211c2,MOUSE_MOVE,,,987,561,MOVE,,,
2026-01-29T20:41:50.283,user_01,f4c211c2,MOUSE_MOVE,,,985,558,MOVE,,,
2026-01-29T20:41:50.289,user_01,f4c211c2,MOUSE_MOVE,,,982,555,MOVE,,,
2026-01-29T20:41:50.296,user_01,f4c211c2,MOUSE_MOVE,,,977,551,MOVE,,,
2026-01-29T20:41:50.303,user_01,f4c211c2,MOUSE_MOVE,,,969,544,MOVE,,,
2026-01-29T20:41:50.310,user_01,f4c211c2,MOUSE_MOVE,,,962,541,MOVE,,,
2026-01-29T20:41:50.316,user_01,f4c211c2,MOUSE_MOVE,,,957,536,MOVE,,,
2026-01-29T20:41:50.325,user_01,f4c211c2,MOUSE_MOVE,,,951,532,MOVE,,,
2026-01-29T20:41:50.330,user_01,f4c211c2,MOUSE_MOVE,,,943,528,MOVE,,,
2026-01-29T20:41:50.337,user_01,f4c211c2,MOUSE_MOVE,,,935,522,MOVE,,,
2026-01-29T20:41:50.346,user_01,f4c211c2,MOUSE_MOVE,,,928,520,MOVE,,,
2026-01-29T20:41:50.351,user_01,f4c211c2,MOUSE_MOVE,,,922,516,MOVE,,,
2026-01-29T20:41:50.358,user_01,f4c211c2,MOUSE_MOVE,,,914,513,MOVE,,,
2026-01-29T20:41:50.364,user_01,f4c211c2,MOUSE_MOVE,,,909,510,MOVE,,,
2026-01-29T20:41:50.372,user_01,f4c211c2,MOUSE_MOVE,,,905,507,MOVE,,,
2026-01-29T20:41:50.379,user_01,f4c211c2,MOUSE_MOVE,,,900,505,MOVE,,,
2026-01-29T20:41:50.385,user_01,f4c211c2,MOUSE_MOVE,,,896,503,MOVE,,,
2026-01-29T20:41:50.392,user_01,f4c211c2,MOUSE_MOVE,,,891,501,MOVE,,,
2026-01-29T20:41:50.399,user_01,f4c211c2,MOUSE_MOVE,,,888,497,MOVE,,,
2026-01-29T20:41:50.406,user_01,f4c211c2,MOUSE_MOVE,,,883,494,MOVE,,,
2026-01-29T20:41:50.413,user_01,f4c211c2,MOUSE_MOVE,,,878,490,MOVE,,,
2026-01-29T20:41:50.420,user_01,f4c211c2,MOUSE_MOVE,,,872,486,MOVE,,,
2026-01-29T20:41:50.426,user_01,f4c211c2,MOUSE_MOVE,,,868,482,MOVE,,,
2026-01-29T20:41:50.433,user_01,f4c211c2,MOUSE_MOVE,,,864,473,MOVE,,,
2026-01-29T20:41:50.440,user_01,f4c211c2,MOUSE_MOVE,,,859,467,MOVE,,,
2026-01-29T20:41:50.447,user_01,f4c211c2,MOUSE_MOVE,,,855,459,MOVE,,,
2026-01-29T20:41:50.454,user_01,f4c211c2,MOUSE_MOVE,,,851,452,MOVE,,,
2026-01-29T20:41:50.461,user_01,f4c211c2,MOUSE_MOVE,,,845,442,MOVE,,,
2026-01-29T20:41:50.466,user_01,f4c211c2,MOUSE_MOVE,,,843,434,MOVE,,,
2026-01-29T20:41:50.474,user_01,f4c211c2,MOUSE_MOVE,,,840,428,MOVE,,,
2026-01-29T20:41:50.481,user_01,f4c211c2,MOUSE_MOVE,,,836,420,MOVE,,,
2026-01-29T20:41:50.487,user_01,f4c211c2,MOUSE_MOVE,,,834,412,MOVE,,,
2026-01-29T20:41:50.495,user_01,f4c211c2,MOUSE_MOVE,,,831,406,MOVE,,,
2026-01-29T20:41:50.502,user_01,f4c211c2,MOUSE_MOVE,,,829,398,MOVE,,,
2026-01-29T20:41:50.508,user_01,f4c211c2,MOUSE_MOVE,,,826,390,MOVE,,,
2026-01-29T20:41:50.515,user_01,f4c211c2,MOUSE_MOVE,,,825,384,MOVE,,,
2026-01-29T20:41:50.522,user_01,f4c211c2,MOUSE_MOVE,,,820,379,MOVE,,,
2026-01-29T20:41:50.529,user_01,f4c211c2,MOUSE_MOVE,,,817,375,MOVE,,,
2026-01-29T20:41:50.536,user_01,f4c211c2,MOUSE_MOVE,,,815,370,MOVE,,,
2026-01-29T20:41:50.543,user_01,f4c211c2,MOUSE_MOVE,,,812,367,MOVE,,,
2026-01-29T20:41:50.550,user_01,f4c211c2,MOUSE_MOVE,,,808,362,MOVE,,,
2026-01-29T20:41:50.557,user_01,f4c211c2,MOUSE_MOVE,,,806,360,MOVE,,,
2026-01-29T20:41:50.563,user_01,f4c211c2,MOUSE_MOVE,,,804,357,MOVE,,,
2026-01-29T20:41:50.569,user_01,f4c211c2,MOUSE_MOVE,,,802,355,MOVE,,,
2026-01-29T20:41:50.577,user_01,f4c211c2,MOUSE_MOVE,,,800,353,MOVE,,,
2026-01-29T20:41:50.583,user_01,f4c211c2,MOUSE_MOVE,,,797,349,MOVE,,,
2026-01-29T20:41:50.591,user_01,f4c211c2,MOUSE_MOVE,,,795,347,MOVE,,,
2026-01-29T20:41:50.598,user_01,f4c211c2,MOUSE_MOVE,,,794,345,MOVE,,,
2026-01-29T20:41:50.603,user_01,f4c211c2,MOUSE_MOVE,,,793,342,MOVE,,,
2026-01-29T20:41:50.611,user_01,f4c211c2,MOUSE_MOVE,,,792,340,MOVE,,,
2026-01-29T20:41:50.865,user_01,f4c211c2,MOUSE_MOVE,,,786,329,MOVE,,,
2026-01-29T20:41:50.872,user_01,f4c211c2,MOUSE_MOVE,,,780,323,MOVE,,,
2026-01-29T20:41:50.879,user_01,f4c211c2,MOUSE_MOVE,,,772,311,MOVE,,,
2026-01-29T20:41:50.885,user_01,f4c211c2,MOUSE_MOVE,,,763,299,MOVE,,,
2026-01-29T20:41:50.892,user_01,f4c211c2,MOUSE_MOVE,,,751,281,MOVE,,,
2026-01-29T20:41:50.900,user_01,f4c211c2,MOUSE_MOVE,,,742,269,MOVE,,,
2026-01-29T20:41:50.907,user_01,f4c211c2,MOUSE_MOVE,,,732,259,MOVE,,,
2026-01-29T20:41:50.913,user_01,f4c211c2,MOUSE_MOVE,,,723,245,MOVE,,,
2026-01-29T20:41:50.920,user_01,f4c211c2,MOUSE_MOVE,,,716,235,MOVE,,,
2026-01-29T20:41:50.927,user_01,f4c211c2,MOUSE_MOVE,,,707,223,MOVE,,,
2026-01-29T20:41:50.934,user_01,f4c211c2,MOUSE_MOVE,,,701,215,MOVE,,,
2026-01-29T20:41:50.941,user_01,f4c211c2,MOUSE_MOVE,,,697,209,MOVE,,,
2026-01-29T20:41:50.948,user_01,f4c211c2,MOUSE_MOVE,,,692,200,MOVE,,,
2026-01-29T20:41:50.955,user_01,f4c211c2,MOUSE_MOVE,,,686,192,MOVE,,,
2026-01-29T20:41:50.961,user_01,f4c211c2,MOUSE_MOVE,,,683,187,MOVE,,,
2026-01-29T20:41:50.969,user_01,f4c211c2,MOUSE_MOVE,,,678,182,MOVE,,,
2026-01-29T20:41:50.975,user_01,f4c211c2,MOUSE_MOVE,,,675,178,MOVE,,,
2026-01-29T20:41:50.982,user_01,f4c211c2,MOUSE_MOVE,,,673,173,MOVE,,,
2026-01-29T20:41:50.989,user_01,f4c211c2,MOUSE_MOVE,,,671,171,MOVE,,,
2026-01-29T20:41:50.995,user_01,f4c211c2,MOUSE_MOVE,,,671,169,MOVE,,,
2026-01-29T20:41:51.003,user_01,f4c211c2,MOUSE_MOVE,,,670,169,MOVE,,,
2026-01-29T20:41:51.009,user_01,f4c211c2,MOUSE_MOVE,,,670,167,MOVE,,,
2026-01-29T20:41:51.016,user_01,f4c211c2,MOUSE_MOVE,,,670,166,MOVE,,,
2026-01-29T20:41:51.023,user_01,f4c211c2,MOUSE_MOVE,,,669,165,MOVE,,,
2026-01-29T20:41:51.037,user_01,f4c211c2,MOUSE_MOVE,,,669,165,MOVE,,,
2026-01-29T20:41:51.139,user_01,f4c211c2,MOUSE_MOVE,,,669,165,MOVE,,,
2026-01-29T20:41:51.160,user_01,f4c211c2,MOUSE_MOVE,,,668,165,MOVE,,,
2026-01-29T20:41:51.167,user_01,f4c211c2,MOUSE_MOVE,,,668,165,MOVE,,,
2026-01-29T20:41:51.181,user_01,f4c211c2,MOUSE_MOVE,,,668,166,MOVE,,,
2026-01-29T20:41:51.188,user_01,f4c211c2,MOUSE_MOVE,,,667,168,MOVE,,,
2026-01-29T20:41:51.194,user_01,f4c211c2,MOUSE_MOVE,,,667,168,MOVE,,,
2026-01-29T20:41:51.202,user_01,f4c211c2,MOUSE_MOVE,,,666,170,MOVE,,,
2026-01-29T20:41:51.208,user_01,f4c211c2,MOUSE_MOVE,,,666,172,MOVE,,,
2026-01-29T20:41:51.214,user_01,f4c211c2,MOUSE_MOVE,,,666,174,MOVE,,,
2026-01-29T20:41:51.222,user_01,f4c211c2,MOUSE_MOVE,,,666,175,MOVE,,,
2026-01-29T20:41:51.229,user_01,f4c211c2,MOUSE_MOVE,,,665,178,MOVE,,,
2026-01-29T20:41:51.235,user_01,f4c211c2,MOUSE_MOVE,,,665,180,MOVE,,,
2026-01-29T20:41:51.242,user_01,f4c211c2,MOUSE_MOVE,,,665,182,MOVE,,,
2026-01-29T20:41:51.251,user_01,f4c211c2,MOUSE_MOVE,,,665,185,MOVE,,,
2026-01-29T20:41:51.256,user_01,f4c211c2,MOUSE_MOVE,,,665,186,MOVE,,,
2026-01-29T20:41:51.264,user_01,f4c211c2,MOUSE_MOVE,,,665,187,MOVE,,,
2026-01-29T20:41:51.269,user_01,f4c211c2,MOUSE_MOVE,,,665,189,MOVE,,,
2026-01-29T20:41:51.284,user_01,f4c211c2,MOUSE_MOVE,,,665,190,MOVE,,,
2026-01-29T20:41:51.291,user_01,f4c211c2,MOUSE_MOVE,,,665,192,MOVE,,,
2026-01-29T20:41:51.297,user_01,f4c211c2,MOUSE_MOVE,,,665,192,MOVE,,,
2026-01-29T20:41:51.304,user_01,f4c211c2,MOUSE_MOVE,,,664,193,MOVE,,,
2026-01-29T20:41:51.318,user_01,f4c211c2,MOUSE_MOVE,,,664,194,MOVE,,,
2026-01-29T20:41:51.353,user_01,f4c211c2,MOUSE_MOVE,,,664,195,MOVE,,,
2026-01-29T20:41:51.380,user_01,f4c211c2,MOUSE_MOVE,,,664,195,MOVE,,,
2026-01-29T20:41:51.627,user_01,f4c211c2,MOUSE_CLICK,,,664,195,LEFT_DOWN,,,
2026-01-29T20:41:51.848,user_01,f4c211c2,MOUSE_CLICK,,,664,195,LEFT_UP,,,
2026-01-29T20:41:52.974,user_01,f4c211c2,KEY_PRESS,ALNUM,,,,,,,
2026-01-29T20:41:52.975,user_01,f4c211c2,KEY_RELEASE,ALNUM,0,,,,,,
2026-01-29T20:41:53.066,user_01,f4c211c2,KEY_PRESS,ALNUM,,,,,,,
2026-01-29T20:41:53.159,user_01,f4c211c2,KEY_PRESS,ALNUM,,,,,,,
2026-01-29T20:41:53.201,user_01,f4c211c2,KEY_RELEASE,ALNUM,41,,,,,,
2026-01-29T20:41:53.255,user_01,f4c211c2,KEY_RELEASE,ALNUM,95,,,,,,
2026-01-29T20:41:53.320,user_01,f4c211c2,KEY_PRESS,SPACE,,,,,,,
2026-01-29T20:41:53.385,user_01,f4c211c2,KEY_RELEASE,SPACE,63,,,,,,
2026-01-29T20:41:53.527,user_01,f4c211c2,KEY_PRESS,ALNUM,,,,,,,
2026-01-29T20:41:53.590,user_01,f4c211c2,KEY_RELEASE,ALNUM,63,,,,,,
2026-01-29T20:41:53.656,user_01,f4c211c2,KEY_PRESS,ALNUM,,,,,,,
2026-01-29T20:41:53.747,user_01,f4c211c2,KEY_RELEASE,ALNUM,91,,,,,,
2026-01-29T20:41:53.790,user_01,f4c211c2,KEY_PRESS,ALNUM,,,,,,,
2026-01-29T20:41:53.865,user_01,f4c211c2,KEY_RELEASE,ALNUM,74,,,,,,
2026-01-29T20:41:53.930,user_01,f4c211c2,KEY_PRESS,ALNUM,,,,,,,
2026-01-29T20:41:54.025,user_01,f4c211c2,KEY_RELEASE,ALNUM,94,,,,,,
2026-01-29T20:41:54.318,user_01,f4c211c2,KEY_PRESS,ALNUM,,,,,,,
2026-01-29T20:41:54.380,user_01,f4c211c2,KEY_RELEASE,ALNUM,62,,,,,,
2026-01-29T20:41:54.602,user_01,f4c211c2,KEY_PRESS,ALNUM,,,,,,,
2026-01-29T20:41:54.715,user_01,f4c211c2,KEY_RELEASE,ALNUM,112,,,,,,
2026-01-29T20:41:54.728,user_01,f4c211c2,KEY_PRESS,ALNUM,,,,,,,
2026-01-29T20:41:54.796,user_01,f4c211c2,KEY_RELEASE,ALNUM,68,,,,,,
2026-01-29T20:41:54.866,user_01,f4c211c2,KEY_PRESS,ALNUM,,,,,,,
2026-01-29T20:41:54.944,user_01,f4c211c2,KEY_PRESS,ALNUM,,,,,,,
2026-01-29T20:41:54.962,user_01,f4c211c2,KEY_RELEASE,ALNUM,17,,,,,,
2026-01-29T20:41:55.008,user_01,f4c211c2,KEY_RELEASE,ALNUM,63,,,,,,
2026-01-29T20:41:55.142,user_01,f4c211c2,KEY_PRESS,SPACE,,,,,,,
2026-01-29T20:41:55.212,user_01,f4c211c2,KEY_RELEASE,SPACE,69,,,,,,
2026-01-29T20:41:55.366,user_01,f4c211c2,KEY_PRESS,ALNUM,,,,,,,
2026-01-29T20:41:55.451,user_01,f4c211c2,KEY_RELEASE,ALNUM,84,,,,,,
2026-01-29T20:41:55.670,user_01,f4c211c2,KEY_PRESS,ALNUM,,,,,,,
2026-01-29T20:41:55.693,user_01,f4c211c2,KEY_RELEASE,ALNUM,22,,,,,,
2026-01-29T20:41:55.840,user_01,f4c211c2,KEY_PRESS,ALNUM,,,,,,,
2026-01-29T20:41:55.924,user_01,f4c211c2,KEY_RELEASE,ALNUM,84,,,,,,
2026-01-29T20:41:55.994,user_01,f4c211c2,KEY_PRESS,SPACE,,,,,,,
2026-01-29T20:41:56.066,user_01,f4c211c2,KEY_RELEASE,SPACE,71,,,,,,
2026-01-29T20:41:56.854,user_01,f4c211c2,KEY_PRESS,DOWN,,,,,,,
2026-01-29T20:41:56.898,user_01,f4c211c2,KEY_RELEASE,DOWN,43,,,,,,
2026-01-29T20:41:57.103,user_01,f4c211c2,KEY_PRESS,ENTER,,,,,,,
2026-01-29T20:41:57.155,user_01,f4c211c2,KEY_RELEASE,ENTER,52,,,,,,
2026-01-29T20:42:00.257,user_01,f4c211c2,IDLE_START,,,,,,,,3.102
2026-01-29T20:42:05.310,user_01,f4c211c2,MOUSE_MOVE,,,660,190,MOVE,,,
2026-01-29T20:42:05.316,user_01,f4c211c2,MOUSE_MOVE,,,656,180,MOVE,,,
2026-01-29T20:42:05.324,user_01,f4c211c2,MOUSE_MOVE,,,654,171,MOVE,,,
2026-01-29T20:42:05.331,user_01,f4c211c2,MOUSE_MOVE,,,651,166,MOVE,,,
2026-01-29T20:42:05.337,user_01,f4c211c2,MOUSE_MOVE,,,649,162,MOVE,,,
2026-01-29T20:42:05.344,user_01,f4c211c2,MOUSE_MOVE,,,648,157,MOVE,,,
2026-01-29T20:42:05.351,user_01,f4c211c2,MOUSE_MOVE,,,647,154,MOVE,,,
2026-01-29T20:42:05.357,user_01,f4c211c2,MOUSE_MOVE,,,647,151,MOVE,,,
2026-01-29T20:42:05.365,user_01,f4c211c2,MOUSE_MOVE,,,647,147,MOVE,,,
2026-01-29T20:42:05.372,user_01,f4c211c2,MOUSE_MOVE,,,647,144,MOVE,,,
2026-01-29T20:42:05.378,user_01,f4c211c2,MOUSE_MOVE,,,647,143,MOVE,,,
2026-01-29T20:42:05.385,user_01,f4c211c2,MOUSE_MOVE,,,647,142,MOVE,,,
2026-01-29T20:42:05.392,user_01,f4c211c2,MOUSE_MOVE,,,647,139,MOVE,,,
2026-01-29T20:42:05.399,user_01,f4c211c2,MOUSE_MOVE,,,649,136,MOVE,,,
2026-01-29T20:42:05.406,user_01,f4c211c2,MOUSE_MOVE,,,652,131,MOVE,,,
2026-01-29T20:42:05.413,user_01,f4c211c2,MOUSE_MOVE,,,657,126,MOVE,,,
2026-01-29T20:42:05.420,user_01,f4c211c2,MOUSE_MOVE,,,665,122,MOVE,,,
2026-01-29T20:42:05.426,user_01,f4c211c2,MOUSE_MOVE,,,673,119,MOVE,,,
2026-01-29T20:42:05.434,user_01,f4c211c2,MOUSE_MOVE,,,683,118,MOVE,,,
2026-01-29T20:42:05.439,user_01,f4c211c2,MOUSE_MOVE,,,696,118,MOVE,,,
2026-01-29T20:42:05.447,user_01,f4c211c2,MOUSE_MOVE,,,708,118,MOVE,,,
2026-01-29T20:42:05.454,user_01,f4c211c2,MOUSE_MOVE,,,727,118,MOVE,,,
2026-01-29T20:42:05.460,user_01,f4c211c2,MOUSE_MOVE,,,747,118,MOVE,,,
2026-01-29T20:42:05.468,user_01,f4c211c2,MOUSE_MOVE,,,765,118,MOVE,,,
2026-01-29T20:42:05.475,user_01,f4c211c2,MOUSE_MOVE,,,787,118,MOVE,,,
2026-01-29T20:42:05.481,user_01,f4c211c2,MOUSE_MOVE,,,810,118,MOVE,,,
2026-01-29T20:42:05.489,user_01,f4c211c2,MOUSE_MOVE,,,836,118,MOVE,,,
2026-01-29T20:42:05.494,user_01,f4c211c2,MOUSE_MOVE,,,866,118,MOVE,,,
2026-01-29T20:42:05.502,user_01,f4c211c2,MOUSE_MOVE,,,889,118,MOVE,,,
2026-01-29T20:42:05.508,user_01,f4c211c2,MOUSE_MOVE,,,909,119,MOVE,,,
2026-01-29T20:42:05.516,user_01,f4c211c2,IDLE_END,,,,,,,,0.008
2026-01-29T20:42:05.517,user_01,f4c211c2,MOUSE_MOVE,,,927,119,MOVE,,,
2026-01-29T20:42:05.521,user_01,f4c211c2,MOUSE_MOVE,,,939,122,MOVE,,,
2026-01-29T20:42:05.529,user_01,f4c211c2,MOUSE_MOVE,,,952,123,MOVE,,,
2026-01-29T20:42:05.535,user_01,f4c211c2,MOUSE_MOVE,,,963,124,MOVE,,,
2026-01-29T20:42:05.543,user_01,f4c211c2,MOUSE_MOVE,,,976,127,MOVE,,,
2026-01-29T20:42:05.549,user_01,f4c211c2,MOUSE_MOVE,,,987,132,MOVE,,,
2026-01-29T20:42:05.557,user_01,f4c211c2,MOUSE_MOVE,,,995,134,MOVE,,,
2026-01-29T20:42:05.563,user_01,f4c211c2,MOUSE_MOVE,,,1005,137,MOVE,,,
2026-01-29T20:42:05.570,user_01,f4c211c2,MOUSE_MOVE,,,1011,140,MOVE,,,
2026-01-29T20:42:05.576,user_01,f4c211c2,MOUSE_MOVE,,,1015,140,MOVE,,,
2026-01-29T20:42:05.583,user_01,f4c211c2,MOUSE_MOVE,,,1018,141,MOVE,,,
2026-01-29T20:42:05.824,user_01,f4c211c2,MOUSE_MOVE,,,1036,143,MOVE,,,
2026-01-29T20:42:05.830,user_01,f4c211c2,MOUSE_MOVE,,,1056,145,MOVE,,,
2026-01-29T20:42:05.837,user_01,f4c211c2,MOUSE_MOVE,,,1073,146,MOVE,,,
2026-01-29T20:42:05.844,user_01,f4c211c2,MOUSE_MOVE,,,1090,148,MOVE,,,
2026-01-29T20:42:05.850,user_01,f4c211c2,MOUSE_MOVE,,,1103,151,MOVE,,,
2026-01-29T20:42:05.858,user_01,f4c211c2,MOUSE_MOVE,,,1116,152,MOVE,,,
2026-01-29T20:42:05.864,user_01,f4c211c2,MOUSE_MOVE,,,1127,154,MOVE,,,
2026-01-29T20:42:05.872,user_01,f4c211c2,MOUSE_MOVE,,,1138,155,MOVE,,,
2026-01-29T20:42:05.878,user_01,f4c211c2,MOUSE_MOVE,,,1141,155,MOVE,,,
2026-01-29T20:42:05.886,user_01,f4c211c2,MOUSE_MOVE,,,1145,156,MOVE,,,
2026-01-29T20:42:05.893,user_01,f4c211c2,MOUSE_MOVE,,,1148,156,MOVE,,,
2026-01-29T20:42:05.899,user_01,f4c211c2,MOUSE_MOVE,,,1151,157,MOVE,,,
2026-01-29T20:42:05.906,user_01,f4c211c2,MOUSE_MOVE,,,1154,157,MOVE,,,
2026-01-29T20:42:05.912,user_01,f4c211c2,MOUSE_MOVE,,,1158,157,MOVE,,,
2026-01-29T20:42:05.919,user_01,f4c211c2,MOUSE_MOVE,,,1160,157,MOVE,,,
2026-01-29T20:42:05.926,user_01,f4c211c2,MOUSE_MOVE,,,1162,158,MOVE,,,
2026-01-29T20:42:05.934,user_01,f4c211c2,MOUSE_MOVE,,,1164,158,MOVE,,,
2026-01-29T20:42:05.940,user_01,f4c211c2,MOUSE_MOVE,,,1164,158,MOVE,,,
2026-01-29T20:42:05.948,user_01,f4c211c2,MOUSE_MOVE,,,1165,158,MOVE,,,
2026-01-29T20:42:05.955,user_01,f4c211c2,MOUSE_MOVE,,,1166,159,MOVE,,,
2026-01-29T20:42:05.962,user_01,f4c211c2,MOUSE_MOVE,,,1167,159,MOVE,,,
2026-01-29T20:42:05.969,user_01,f4c211c2,MOUSE_MOVE,,,1168,159,MOVE,,,
2026-01-29T20:42:05.996,user_01,f4c211c2,MOUSE_MOVE,,,1168,159,MOVE,,,
2026-01-29T20:42:06.018,user_01,f4c211c2,MOUSE_MOVE,,,1168,160,MOVE,,,
2026-01-29T20:42:06.078,user_01,f4c211c2,MOUSE_MOVE,,,1169,160,MOVE,,,
2026-01-29T20:42:06.146,user_01,f4c211c2,MOUSE_MOVE,,,1170,160,MOVE,,,
2026-01-29T20:42:06.182,user_01,f4c211c2,MOUSE_MOVE,,,1171,160,MOVE,,,
2026-01-29T20:42:06.188,user_01,f4c211c2,MOUSE_MOVE,,,1172,162,MOVE,,,
2026-01-29T20:42:06.196,user_01,f4c211c2,MOUSE_MOVE,,,1174,164,MOVE,,,
2026-01-29T20:42:06.201,user_01,f4c211c2,MOUSE_MOVE,,,1174,165,MOVE,,,
2026-01-29T20:42:06.209,user_01,f4c211c2,MOUSE_MOVE,,,1175,166,MOVE,,,
2026-01-29T20:42:06.215,user_01,f4c211c2,MOUSE_MOVE,,,1177,168,MOVE,,,
2026-01-29T20:42:06.222,user_01,f4c211c2,MOUSE_MOVE,,,1178,169,MOVE,,,
2026-01-29T20:42:06.229,user_01,f4c211c2,MOUSE_MOVE,,,1179,171,MOVE,,,
2026-01-29T20:42:06.237,user_01,f4c211c2,MOUSE_MOVE,,,1180,172,MOVE,,,
2026-01-29T20:42:06.243,user_01,f4c211c2,MOUSE_MOVE,,,1181,172,MOVE,,,
2026-01-29T20:42:06.249,user_01,f4c211c2,MOUSE_MOVE,,,1181,173,MOVE,,,
2026-01-29T20:42:06.256,user_01,f4c211c2,MOUSE_MOVE,,,1182,174,MOVE,,,
2026-01-29T20:42:06.277,user_01,f4c211c2,MOUSE_MOVE,,,1183,174,MOVE,,,
2026-01-29T20:42:06.283,user_01,f4c211c2,MOUSE_MOVE,,,1183,175,MOVE,,,
2026-01-29T20:42:06.305,user_01,f4c211c2,MOUSE_MOVE,,,1183,175,MOVE,,,
2026-01-29T20:42:06.311,user_01,f4c211c2,MOUSE_MOVE,,,1183,176,MOVE,,,
2026-01-29T20:42:06.317,user_01,f4c211c2,MOUSE_MOVE,,,1184,176,MOVE,,,
2026-01-29T20:42:06.333,user_01,f4c211c2,MOUSE_MOVE,,,1185,176,MOVE,,,
2026-01-29T20:42:06.338,user_01,f4c211c2,MOUSE_MOVE,,,1185,176,MOVE,,,
2026-01-29T20:42:06.346,user_01,f4c211c2,MOUSE_MOVE,,,1186,176,MOVE,,,
2026-01-29T20:42:06.360,user_01,f4c211c2,MOUSE_MOVE,,,1186,176,MOVE,,,
2026-01-29T20:42:06.366,user_01,f4c211c2,MOUSE_MOVE,,,1186,177,MOVE,,,
2026-01-29T20:42:06.579,user_01,f4c211c2,MOUSE_CLICK,,,1186,177,LEFT_DOWN,,,
2026-01-29T20:42:06.797,user_01,f4c211c2,MOUSE_CLICK,,,1186,177,LEFT_UP,,,
2026-01-29T20:42:07.081,user_01,f4c211c2,MOUSE_MOVE,,,1172,177,MOVE,,,
2026-01-29T20:42:07.088,user_01,f4c211c2,MOUSE_MOVE,,,1156,177,MOVE,,,
2026-01-29T20:42:07.095,user_01,f4c211c2,MOUSE_MOVE,,,1141,177,MOVE,,,
2026-01-29T20:42:07.103,user_01,f4c211c2,MOUSE_MOVE,,,1127,177,MOVE,,,
2026-01-29T20:42:07.109,user_01,f4c211c2,MOUSE_MOVE,,,1122,177,MOVE,,,
2026-01-29T20:42:07.116,user_01,f4c211c2,MOUSE_MOVE,,,1117,177,MOVE,,,
2026-01-29T20:42:07.123,user_01,f4c211c2,MOUSE_MOVE,,,1108,177,MOVE,,,
2026-01-29T20:42:07.128,user_01,f4c211c2,MOUSE_MOVE,,,1100,177,MOVE,,,
2026-01-29T20:42:07.136,user_01,f4c211c2,MOUSE_MOVE,,,1093,177,MOVE,,,
2026-01-29T20:42:07.143,user_01,f4c211c2,MOUSE_MOVE,,,1082,177,MOVE,,,
2026-01-29T20:42:07.150,user_01,f4c211c2,MOUSE_MOVE,,,1073,177,MOVE,,,
2026-01-29T20:42:07.157,user_01,f4c211c2,MOUSE_MOVE,,,1063,177,MOVE,,,
2026-01-29T20:42:07.163,user_01,f4c211c2,MOUSE_MOVE,,,1052,177,MOVE,,,
2026-01-29T20:42:07.171,user_01,f4c211c2,MOUSE_MOVE,,,1045,177,MOVE,,,
2026-01-29T20:42:07.177,user_01,f4c211c2,MOUSE_MOVE,,,1037,177,MOVE,,,
2026-01-29T20:42:07.185,user_01,f4c211c2,MOUSE_MOVE,,,1030,177,MOVE,,,
2026-01-29T20:42:07.191,user_01,f4c211c2,MOUSE_MOVE,,,1024,177,MOVE,,,
2026-01-29T20:42:07.199,user_01,f4c211c2,MOUSE_MOVE,,,1021,177,MOVE,,,
2026-01-29T20:42:07.205,user_01,f4c211c2,MOUSE_MOVE,,,1017,177,MOVE,,,
2026-01-29T20:42:07.211,user_01,f4c211c2,MOUSE_MOVE,,,1015,177,MOVE,,,
2026-01-29T20:42:07.218,user_01,f4c211c2,MOUSE_MOVE,,,1011,177,MOVE,,,
2026-01-29T20:42:07.233,user_01,f4c211c2,MOUSE_MOVE,,,1008,177,MOVE,,,
2026-01-29T20:42:07.239,user_01,f4c211c2,MOUSE_MOVE,,,1007,177,MOVE,,,
2026-01-29T20:42:07.246,user_01,f4c211c2,MOUSE_MOVE,,,1007,177,MOVE,,,
2026-01-29T20:42:07.260,user_01,f4c211c2,MOUSE_MOVE,,,1006,177,MOVE,,,
2026-01-29T20:42:07.913,user_01,f4c211c2,MOUSE_CLICK,,,1006,177,LEFT_DOWN,,,
2026-01-29T20:42:07.962,user_01,f4c211c2,KEY_PRESS,ALNUM,,,,,,,
2026-01-29T20:42:07.963,user_01,f4c211c2,KEY_RELEASE,ALNUM,1,,,,,,
2026-01-29T20:42:08.044,user_01,f4c211c2,KEY_PRESS,ALNUM,,,,,,,
2026-01-29T20:42:08.131,user_01,f4c211c2,MOUSE_CLICK,,,1006,177,LEFT_UP,,,
2026-01-29T20:42:08.132,user_01,f4c211c2,KEY_RELEASE,ALNUM,88,,,,,,
2026-01-29T20:42:08.154,user_01,f4c211c2,KEY_PRESS,ALNUM,,,,,,,
2026-01-29T20:42:08.244,user_01,f4c211c2,KEY_RELEASE,ALNUM,90,,,,,,
2026-01-29T20:42:08.394,user_01,f4c211c2,KEY_PRESS,ALNUM,,,,,,,
2026-01-29T20:42:08.472,user_01,f4c211c2,KEY_RELEASE,ALNUM,77,,,,,,
2026-01-29T20:42:08.525,user_01,f4c211c2,KEY_PRESS,ALNUM,,,,,,,
2026-01-29T20:42:08.593,user_01,f4c211c2,KEY_RELEASE,ALNUM,67,,,,,,
2026-01-29T20:42:08.715,user_01,f4c211c2,KEY_PRESS,SPACE,,,,,,,
2026-01-29T20:42:08.800,user_01,f4c211c2,KEY_RELEASE,SPACE,84,,,,,,
2026-01-29T20:42:08.925,user_01,f4c211c2,KEY_PRESS,ALNUM,,,,,,,
2026-01-29T20:42:09.049,user_01,f4c211c2,KEY_PRESS,ALNUM,,,,,,,
2026-01-29T20:42:09.062,user_01,f4c211c2,KEY_RELEASE,ALNUM,12,,,,,,
2026-01-29T20:42:09.164,user_01,f4c211c2,KEY_RELEASE,ALNUM,114,,,,,,
2026-01-29T20:42:09.185,user_01,f4c211c2,KEY_PRESS,ALNUM,,,,,,,
2026-01-29T20:42:09.299,user_01,f4c211c2,KEY_RELEASE,ALNUM,114,,,,,,
2026-01-29T20:42:09.350,user_01,f4c211c2,KEY_PRESS,ALNUM,,,,,,,
2026-01-29T20:42:09.428,user_01,f4c211c2,KEY_RELEASE,ALNUM,77,,,,,,
2026-01-29T20:42:09.516,user_01,f4c211c2,KEY_PRESS,ALNUM,,,,,,,
2026-01-29T20:42:09.621,user_01,f4c211c2,KEY_RELEASE,ALNUM,104,,,,,,
2026-01-29T20:42:10.107,user_01,f4c211c2,KEY_PRESS,SPACE,,,,,,,
2026-01-29T20:42:10.180,user_01,f4c211c2,KEY_RELEASE,SPACE,72,,,,,,
2026-01-29T20:42:11.345,user_01,f4c211c2,KEY_PRESS,DOWN,,,,,,,
2026-01-29T20:42:11.394,user_01,f4c211c2,KEY_RELEASE,DOWN,48,,,,,,
2026-01-29T20:42:11.506,user_01,f4c211c2,KEY_PRESS,DOWN,,,,,,,
2026-01-29T20:42:11.565,user_01,f4c211c2,KEY_RELEASE,DOWN,59,,,,,,
2026-01-29T20:42:11.666,user_01,f4c211c2,KEY_PRESS,DOWN,,,,,,,
2026-01-29T20:42:11.720,user_01,f4c211c2,KEY_RELEASE,DOWN,53,,,,,,
2026-01-29T20:42:11.914,user_01,f4c211c2,KEY_PRESS,ENTER,,,,,,,
2026-01-29T20:42:11.972,user_01,f4c211c2,KEY_RELEASE,ENTER,57,,,,,,
2026-01-29T20:42:15.049,user_01,f4c211c2,IDLE_START,,,,,,,,3.077
2026-01-29T20:42:15.907,user_01,f4c211c2,MOUSE_MOVE,,,1004,186,MOVE,,,
2026-01-29T20:42:15.913,user_01,f4c211c2,MOUSE_MOVE,,,999,196,MOVE,,,
2026-01-29T20:42:15.920,user_01,f4c211c2,MOUSE_MOVE,,,998,207,MOVE,,,
2026-01-29T20:42:15.926,user_01,f4c211c2,MOUSE_MOVE,,,997,211,MOVE,,,
2026-01-29T20:42:15.938,user_01,f4c211c2,MOUSE_MOVE,,,994,219,MOVE,,,
2026-01-29T20:42:15.940,user_01,f4c211c2,MOUSE_MOVE,,,991,238,MOVE,,,
2026-01-29T20:42:15.947,user_01,f4c211c2,MOUSE_MOVE,,,988,251,MOVE,,,
2026-01-29T20:42:15.954,user_01,f4c211c2,MOUSE_MOVE,,,985,266,MOVE,,,
2026-01-29T20:42:15.960,user_01,f4c211c2,MOUSE_MOVE,,,982,279,MOVE,,,
2026-01-29T20:42:15.968,user_01,f4c211c2,MOUSE_MOVE,,,977,300,MOVE,,,
2026-01-29T20:42:15.974,user_01,f4c211c2,MOUSE_MOVE,,,972,329,MOVE,,,
2026-01-29T20:42:15.982,user_01,f4c211c2,MOUSE_MOVE,,,967,348,MOVE,,,
2026-01-29T20:42:15.987,user_01,f4c211c2,MOUSE_MOVE,,,962,366,MOVE,,,
2026-01-29T20:42:15.995,user_01,f4c211c2,MOUSE_MOVE,,,958,378,MOVE,,,
2026-01-29T20:42:16.002,user_01,f4c211c2,MOUSE_MOVE,,,955,393,MOVE,,,
2026-01-29T20:42:16.008,user_01,f4c211c2,MOUSE_MOVE,,,952,401,MOVE,,,
2026-01-29T20:42:16.015,user_01,f4c211c2,MOUSE_MOVE,,,946,418,MOVE,,,
2026-01-29T20:42:16.023,user_01,f4c211c2,MOUSE_MOVE,,,942,434,MOVE,,,
2026-01-29T20:42:16.031,user_01,f4c211c2,MOUSE_MOVE,,,937,451,MOVE,,,
2026-01-29T20:42:16.035,user_01,f4c211c2,MOUSE_MOVE,,,933,466,MOVE,,,
2026-01-29T20:42:16.043,user_01,f4c211c2,MOUSE_MOVE,,,927,480,MOVE,,,
2026-01-29T20:42:16.050,user_01,f4c211c2,IDLE_END,,,,,,,,0.007
2026-01-29T20:42:16.050,user_01,f4c211c2,MOUSE_MOVE,,,922,491,MOVE,,,
2026-01-29T20:42:16.056,user_01,f4c211c2,MOUSE_MOVE,,,917,499,MOVE,,,
2026-01-29T20:42:16.063,user_01,f4c211c2,MOUSE_MOVE,,,911,511,MOVE,,,
2026-01-29T20:42:16.070,user_01,f4c211c2,MOUSE_MOVE,,,906,518,MOVE,,,
2026-01-29T20:42:16.078,user_01,f4c211c2,MOUSE_MOVE,,,903,522,MOVE,,,
2026-01-29T20:42:17.388,user_01,f4c211c2,MOUSE_MOVE,,,890,525,MOVE,,,
2026-01-29T20:42:17.396,user_01,f4c211c2,MOUSE_MOVE,,,879,528,MOVE,,,
2026-01-29T20:42:17.401,user_01,f4c211c2,MOUSE_MOVE,,,866,529,MOVE,,,
2026-01-29T20:42:17.408,user_01,f4c211c2,MOUSE_MOVE,,,856,531,MOVE,,,
2026-01-29T20:42:17.415,user_01,f4c211c2,MOUSE_MOVE,,,850,532,MOVE,,,
2026-01-29T20:42:17.421,user_01,f4c211c2,MOUSE_MOVE,,,841,535,MOVE,,,
2026-01-29T20:42:17.428,user_01,f4c211c2,MOUSE_MOVE,,,839,535,MOVE,,,
2026-01-29T20:42:17.437,user_01,f4c211c2,MOUSE_MOVE,,,837,536,MOVE,,,
2026-01-29T20:42:17.442,user_01,f4c211c2,MOUSE_MOVE,,,835,536,MOVE,,,
2026-01-29T20:42:17.449,user_01,f4c211c2,MOUSE_MOVE,,,831,537,MOVE,,,
2026-01-29T20:42:17.456,user_01,f4c211c2,MOUSE_MOVE,,,825,538,MOVE,,,
2026-01-29T20:42:17.465,user_01,f4c211c2,MOUSE_MOVE,,,822,539,MOVE,,,
2026-01-29T20:42:17.469,user_01,f4c211c2,MOUSE_MOVE,,,816,541,MOVE,,,
2026-01-29T20:42:17.476,user_01,f4c211c2,MOUSE_MOVE,,,812,541,MOVE,,,
2026-01-29T20:42:17.483,user_01,f4c211c2,MOUSE_MOVE,,,808,542,MOVE,,,
2026-01-29T20:42:17.490,user_01,f4c211c2,MOUSE_MOVE,,,802,544,MOVE,,,
2026-01-29T20:42:17.497,user_01,f4c211c2,MOUSE_MOVE,,,799,545,MOVE,,,
2026-01-29T20:42:17.504,user_01,f4c211c2,MOUSE_MOVE,,,796,545,MOVE,,,
2026-01-29T20:42:17.511,user_01,f4c211c2,MOUSE_MOVE,,,793,547,MOVE,,,
2026-01-29T20:42:17.518,user_01,f4c211c2,MOUSE_MOVE,,,791,547,MOVE,,,
2026-01-29T20:42:17.524,user_01,f4c211c2,MOUSE_MOVE,,,790,547,MOVE,,,
2026-01-29T20:42:17.532,user_01,f4c211c2,MOUSE_MOVE,,,788,547,MOVE,,,
2026-01-29T20:42:17.538,user_01,f4c211c2,MOUSE_MOVE,,,787,547,MOVE,,,
2026-01-29T20:42:17.546,user_01,f4c211c2,MOUSE_MOVE,,,784,547,MOVE,,,
2026-01-29T20:42:17.551,user_01,f4c211c2,MOUSE_MOVE,,,784,547,MOVE,,,
2026-01-29T20:42:17.566,user_01,f4c211c2,MOUSE_MOVE,,,783,547,MOVE,,,
2026-01-29T20:42:17.642,user_01,f4c211c2,MOUSE_MOVE,,,782,547,MOVE,,,
2026-01-29T20:42:17.751,user_01,f4c211c2,MOUSE_MOVE,,,781,547,MOVE,,,
2026-01-29T20:42:20.091,user_01,f4c211c2,MOUSE_MOVE,,,770,547,MOVE,,,
2026-01-29T20:42:20.097,user_01,f4c211c2,MOUSE_MOVE,,,752,547,MOVE,,,
2026-01-29T20:42:20.104,user_01,f4c211c2,MOUSE_MOVE,,,744,547,MOVE,,,
2026-01-29T20:42:20.110,user_01,f4c211c2,MOUSE_MOVE,,,730,547,MOVE,,,
2026-01-29T20:42:20.118,user_01,f4c211c2,MOUSE_MOVE,,,711,547,MOVE,,,
2026-01-29T20:42:20.123,user_01,f4c211c2,MOUSE_MOVE,,,695,547,MOVE,,,
2026-01-29T20:42:20.132,user_01,f4c211c2,MOUSE_MOVE,,,679,547,MOVE,,,
2026-01-29T20:42:20.138,user_01,f4c211c2,MOUSE_MOVE,,,660,547,MOVE,,,
2026-01-29T20:42:20.145,user_01,f4c211c2,MOUSE_MOVE,,,644,546,MOVE,,,
2026-01-29T20:42:20.151,user_01,f4c211c2,MOUSE_MOVE,,,626,546,MOVE,,,
2026-01-29T20:42:20.161,user_01,f4c211c2,MOUSE_MOVE,,,609,544,MOVE,,,
2026-01-29T20:42:20.165,user_01,f4c211c2,MOUSE_MOVE,,,593,544,MOVE,,,
2026-01-29T20:42:20.173,user_01,f4c211c2,MOUSE_MOVE,,,580,543,MOVE,,,
2026-01-29T20:42:20.184,user_01,f4c211c2,MOUSE_MOVE,,,569,541,MOVE,,,
2026-01-29T20:42:20.186,user_01,f4c211c2,MOUSE_MOVE,,,559,540,MOVE,,,
2026-01-29T20:42:20.193,user_01,f4c211c2,MOUSE_MOVE,,,548,540,MOVE,,,
2026-01-29T20:42:20.199,user_01,f4c211c2,MOUSE_MOVE,,,540,539,MOVE,,,
2026-01-29T20:42:20.207,user_01,f4c211c2,MOUSE_MOVE,,,533,537,MOVE,,,
2026-01-29T20:42:20.213,user_01,f4c211c2,MOUSE_MOVE,,,527,536,MOVE,,,
2026-01-29T20:42:20.221,user_01,f4c211c2,MOUSE_MOVE,,,521,535,MOVE,,,
2026-01-29T20:42:20.227,user_01,f4c211c2,MOUSE_MOVE,,,517,534,MOVE,,,
2026-01-29T20:42:20.234,user_01,f4c211c2,MOUSE_MOVE,,,513,533,MOVE,,,
2026-01-29T20:42:20.240,user_01,f4c211c2,MOUSE_MOVE,,,512,533,MOVE,,,
2026-01-29T20:42:20.543,user_01,f4c211c2,MOUSE_MOVE,,,490,525,MOVE,,,
2026-01-29T20:42:20.551,user_01,f4c211c2,MOUSE_MOVE,,,469,515,MOVE,,,
2026-01-29T20:42:20.557,user_01,f4c211c2,MOUSE_MOVE,,,454,504,MOVE,,,
2026-01-29T20:42:20.564,user_01,f4c211c2,MOUSE_MOVE,,,435,489,MOVE,,,
2026-01-29T20:42:20.571,user_01,f4c211c2,MOUSE_MOVE,,,402,469,MOVE,,,
2026-01-29T20:42:20.578,user_01,f4c211c2,MOUSE_MOVE,,,374,445,MOVE,,,
2026-01-29T20:42:20.584,user_01,f4c211c2,MOUSE_MOVE,,,339,412,MOVE,,,
2026-01-29T20:42:20.591,user_01,f4c211c2,MOUSE_MOVE,,,302,373,MOVE,,,
2026-01-29T20:42:20.598,user_01,f4c211c2,MOUSE_MOVE,,,270,334,MOVE,,,
2026-01-29T20:42:20.605,user_01,f4c211c2,MOUSE_MOVE,,,239,305,MOVE,,,
2026-01-29T20:42:20.611,user_01,f4c211c2,MOUSE_MOVE,,,211,281,MOVE,,,
2026-01-29T20:42:20.619,user_01,f4c211c2,MOUSE_MOVE,,,198,265,MOVE,,,
2026-01-29T20:42:20.626,user_01,f4c211c2,MOUSE_MOVE,,,177,246,MOVE,,,
2026-01-29T20:42:20.632,user_01,f4c211c2,MOUSE_MOVE,,,159,226,MOVE,,,
2026-01-29T20:42:20.639,user_01,f4c211c2,MOUSE_MOVE,,,142,210,MOVE,,,
2026-01-29T20:42:20.646,user_01,f4c211c2,MOUSE_MOVE,,,129,197,MOVE,,,
2026-01-29T20:42:20.653,user_01,f4c211c2,MOUSE_MOVE,,,116,188,MOVE,,,
2026-01-29T20:42:20.659,user_01,f4c211c2,MOUSE_MOVE,,,107,179,MOVE,,,
2026-01-29T20:42:20.666,user_01,f4c211c2,MOUSE_MOVE,,,100,174,MOVE,,,
2026-01-29T20:42:20.673,user_01,f4c211c2,MOUSE_MOVE,,,96,170,MOVE,,,
2026-01-29T20:42:20.680,user_01,f4c211c2,MOUSE_MOVE,,,91,169,MOVE,,,
2026-01-29T20:42:20.688,user_01,f4c211c2,MOUSE_MOVE,,,90,168,MOVE,,,
2026-01-29T20:42:20.694,user_01,f4c211c2,MOUSE_MOVE,,,89,168,MOVE,,,
2026-01-29T20:42:20.974,user_01,f4c211c2,MOUSE_MOVE,,,86,172,MOVE,,,
2026-01-29T20:42:20.981,user_01,f4c211c2,MOUSE_MOVE,,,82,179,MOVE,,,
2026-01-29T20:42:20.988,user_01,f4c211c2,MOUSE_MOVE,,,80,183,MOVE,,,
2026-01-29T20:42:20.996,user_01,f4c211c2,MOUSE_MOVE,,,77,188,MOVE,,,
2026-01-29T20:42:21.002,user_01,f4c211c2,MOUSE_MOVE,,,76,192,MOVE,,,
2026-01-29T20:42:21.009,user_01,f4c211c2,MOUSE_MOVE,,,75,195,MOVE,,,
2026-01-29T20:42:21.015,user_01,f4c211c2,MOUSE_MOVE,,,74,197,MOVE,,,
2026-01-29T20:42:21.024,user_01,f4c211c2,MOUSE_MOVE,,,73,199,MOVE,,,
2026-01-29T20:42:21.029,user_01,f4c211c2,MOUSE_MOVE,,,73,201,MOVE,,,
2026-01-29T20:42:21.051,user_01,f4c211c2,MOUSE_MOVE,,,73,201,MOVE,,,
2026-01-29T20:42:21.063,user_01,f4c211c2,MOUSE_MOVE,,,73,202,MOVE,,,
2026-01-29T20:42:21.071,user_01,f4c211c2,MOUSE_MOVE,,,73,203,MOVE,,,
2026-01-29T20:42:21.077,user_01,f4c211c2,MOUSE_MOVE,,,73,204,MOVE,,,
2026-01-29T20:42:21.085,user_01,f4c211c2,MOUSE_MOVE,,,72,205,MOVE,,,
2026-01-29T20:42:21.092,user_01,f4c211c2,MOUSE_MOVE,,,72,205,MOVE,,,
2026-01-29T20:42:21.098,user_01,f4c211c2,MOUSE_MOVE,,,72,206,MOVE,,,
2026-01-29T20:42:21.105,user_01,f4c211c2,MOUSE_MOVE,,,72,208,MOVE,,,
2026-01-29T20:42:21.111,user_01,f4c211c2,MOUSE_MOVE,,,70,208,MOVE,,,
2026-01-29T20:42:21.118,user_01,f4c211c2,MOUSE_MOVE,,,70,209,MOVE,,,
2026-01-29T20:42:21.139,user_01,f4c211c2,MOUSE_MOVE,,,69,209,MOVE,,,
2026-01-29T20:42:21.145,user_01,f4c211c2,MOUSE_MOVE,,,69,209,MOVE,,,
2026-01-29T20:42:21.159,user_01,f4c211c2,MOUSE_MOVE,,,69,209,MOVE,,,
2026-01-29T20:42:21.166,user_01,f4c211c2,MOUSE_MOVE,,,68,209,MOVE,,,
2026-01-29T20:42:21.456,user_01,f4c211c2,MOUSE_MOVE,,,65,217,MOVE,,,
2026-01-29T20:42:21.462,user_01,f4c211c2,MOUSE_MOVE,,,63,225,MOVE,,,
2026-01-29T20:42:21.468,user_01,f4c211c2,MOUSE_MOVE,,,61,233,MOVE,,,
2026-01-29T20:42:21.475,user_01,f4c211c2,MOUSE_MOVE,,,60,236,MOVE,,,
2026-01-29T20:42:21.483,user_01,f4c211c2,MOUSE_MOVE,,,60,238,MOVE,,,
2026-01-29T20:42:21.489,user_01,f4c211c2,MOUSE_MOVE,,,59,239,MOVE,,,
2026-01-29T20:42:21.496,user_01,f4c211c2,MOUSE_MOVE,,,59,239,MOVE,,,
2026-01-29T20:42:21.764,user_01,f4c211c2,MOUSE_CLICK,,,59,239,LEFT_DOWN,,,
2026-01-29T20:42:21.979,user_01,f4c211c2,MOUSE_CLICK,,,59,239,LEFT_UP,,,
2026-01-29T20:42:22.562,user_01,f4c211c2,MOUSE_MOVE,,,90,244,MOVE,,,
2026-01-29T20:42:22.568,user_01,f4c211c2,MOUSE_MOVE,,,137,254,MOVE,,,
2026-01-29T20:42:22.574,user_01,f4c211c2,MOUSE_MOVE,,,204,270,MOVE,,,
2026-01-29T20:42:22.581,user_01,f4c211c2,MOUSE_MOVE,,,262,282,MOVE,,,
2026-01-29T20:42:22.588,user_01,f4c211c2,MOUSE_MOVE,,,319,300,MOVE,,,
2026-01-29T20:42:22.595,user_01,f4c211c2,MOUSE_MOVE,,,371,315,MOVE,,,
2026-01-29T20:42:22.601,user_01,f4c211c2,MOUSE_MOVE,,,424,333,MOVE,,,
2026-01-29T20:42:22.608,user_01,f4c211c2,MOUSE_MOVE,,,473,350,MOVE,,,
2026-01-29T20:42:22.615,user_01,f4c211c2,MOUSE_MOVE,,,518,364,MOVE,,,
2026-01-29T20:42:22.622,user_01,f4c211c2,MOUSE_MOVE,,,556,378,MOVE,,,
2026-01-29T20:42:22.629,user_01,f4c211c2,MOUSE_MOVE,,,594,391,MOVE,,,
2026-01-29T20:42:22.636,user_01,f4c211c2,MOUSE_MOVE,,,618,400,MOVE,,,
2026-01-29T20:42:22.642,user_01,f4c211c2,MOUSE_MOVE,,,639,411,MOVE,,,
2026-01-29T20:42:22.648,user_01,f4c211c2,MOUSE_MOVE,,,657,423,MOVE,,,
2026-01-29T20:42:22.656,user_01,f4c211c2,MOUSE_MOVE,,,664,428,MOVE,,,
2026-01-29T20:42:24.193,user_01,f4c211c2,MOUSE_MOVE,,,668,441,MOVE,,,
2026-01-29T20:42:24.199,user_01,f4c211c2,MOUSE_MOVE,,,674,455,MOVE,,,
2026-01-29T20:42:24.206,user_01,f4c211c2,MOUSE_MOVE,,,680,465,MOVE,,,
2026-01-29T20:42:24.213,user_01,f4c211c2,MOUSE_MOVE,,,684,473,MOVE,,,
2026-01-29T20:42:24.220,user_01,f4c211c2,MOUSE_MOVE,,,693,480,MOVE,,,
2026-01-29T20:42:24.227,user_01,f4c211c2,MOUSE_MOVE,,,695,484,MOVE,,,
2026-01-29T20:42:24.233,user_01,f4c211c2,MOUSE_MOVE,,,700,488,MOVE,,,
2026-01-29T20:42:24.241,user_01,f4c211c2,MOUSE_MOVE,,,703,493,MOVE,,,
2026-01-29T20:42:24.248,user_01,f4c211c2,MOUSE_MOVE,,,708,498,MOVE,,,
2026-01-29T20:42:24.254,user_01,f4c211c2,MOUSE_MOVE,,,713,501,MOVE,,,
2026-01-29T20:42:24.261,user_01,f4c211c2,MOUSE_MOVE,,,718,508,MOVE,,,
2026-01-29T20:42:24.268,user_01,f4c211c2,MOUSE_MOVE,,,723,511,MOVE,,,
2026-01-29T20:42:24.275,user_01,f4c211c2,MOUSE_MOVE,,,725,513,MOVE,,,
2026-01-29T20:42:24.282,user_01,f4c211c2,MOUSE_MOVE,,,728,516,MOVE,,,
2026-01-29T20:42:24.288,user_01,f4c211c2,MOUSE_MOVE,,,730,518,MOVE,,,
2026-01-29T20:42:24.296,user_01,f4c211c2,MOUSE_MOVE,,,732,520,MOVE,,,
2026-01-29T20:42:24.304,user_01,f4c211c2,MOUSE_MOVE,,,734,522,MOVE,,,
2026-01-29T20:42:24.308,user_01,f4c211c2,MOUSE_MOVE,,,735,523,MOVE,,,
2026-01-29T20:42:24.317,user_01,f4c211c2,MOUSE_MOVE,,,736,524,MOVE,,,
2026-01-29T20:42:24.323,user_01,f4c211c2,MOUSE_MOVE,,,737,524,MOVE,,,
2026-01-29T20:42:24.336,user_01,f4c211c2,MOUSE_MOVE,,,738,524,MOVE,,,
2026-01-29T20:42:24.350,user_01,f4c211c2,MOUSE_MOVE,,,739,525,MOVE,,,
2026-01-29T20:42:24.363,user_01,f4c211c2,MOUSE_MOVE,,,740,526,MOVE,,,
2026-01-29T20:42:24.370,user_01,f4c211c2,MOUSE_MOVE,,,740,526,MOVE,,,
2026-01-29T20:42:24.377,user_01,f4c211c2,MOUSE_MOVE,,,742,527,MOVE,,,
2026-01-29T20:42:24.384,user_01,f4c211c2,MOUSE_MOVE,,,743,528,MOVE,,,
2026-01-29T20:42:24.392,user_01,f4c211c2,MOUSE_MOVE,,,744,529,MOVE,,,
2026-01-29T20:42:24.397,user_01,f4c211c2,MOUSE_MOVE,,,745,529,MOVE,,,
2026-01-29T20:42:24.405,user_01,f4c211c2,MOUSE_MOVE,,,746,530,MOVE,,,
2026-01-29T20:42:24.412,user_01,f4c211c2,MOUSE_MOVE,,,747,530,MOVE,,,
2026-01-29T20:42:24.419,user_01,f4c211c2,MOUSE_MOVE,,,749,531,MOVE,,,
2026-01-29T20:42:24.426,user_01,f4c211c2,MOUSE_MOVE,,,750,532,MOVE,,,
2026-01-29T20:42:24.433,user_01,f4c211c2,MOUSE_MOVE,,,751,533,MOVE,,,
2026-01-29T20:42:24.438,user_01,f4c211c2,MOUSE_MOVE,,,754,534,MOVE,,,
2026-01-29T20:42:24.446,user_01,f4c211c2,MOUSE_MOVE,,,755,535,MOVE,,,
2026-01-29T20:42:24.453,user_01,f4c211c2,MOUSE_MOVE,,,757,536,MOVE,,,
2026-01-29T20:42:24.461,user_01,f4c211c2,MOUSE_MOVE,,,759,537,MOVE,,,
2026-01-29T20:42:24.467,user_01,f4c211c2,MOUSE_MOVE,,,761,538,MOVE,,,
2026-01-29T20:42:24.474,user_01,f4c211c2,MOUSE_MOVE,,,761,539,MOVE,,,
2026-01-29T20:42:24.480,user_01,f4c211c2,MOUSE_MOVE,,,763,540,MOVE,,,
2026-01-29T20:42:24.487,user_01,f4c211c2,MOUSE_MOVE,,,765,541,MOVE,,,
2026-01-29T20:42:24.494,user_01,f4c211c2,MOUSE_MOVE,,,767,542,MOVE,,,
2026-01-29T20:42:24.501,user_01,f4c211c2,MOUSE_MOVE,,,769,545,MOVE,,,
2026-01-29T20:42:24.508,user_01,f4c211c2,MOUSE_MOVE,,,771,546,MOVE,,,
2026-01-29T20:42:24.515,user_01,f4c211c2,MOUSE_MOVE,,,774,547,MOVE,,,
2026-01-29T20:42:24.522,user_01,f4c211c2,MOUSE_MOVE,,,775,548,MOVE,,,
2026-01-29T20:42:24.528,user_01,f4c211c2,MOUSE_MOVE,,,776,548,MOVE,,,
2026-01-29T20:42:24.535,user_01,f4c211c2,MOUSE_MOVE,,,777,549,MOVE,,,
2026-01-29T20:42:24.542,user_01,f4c211c2,MOUSE_MOVE,,,779,549,MOVE,,,
2026-01-29T20:42:24.549,user_01,f4c211c2,MOUSE_MOVE,,,779,550,MOVE,,,
2026-01-29T20:42:24.555,user_01,f4c211c2,MOUSE_MOVE,,,779,550,MOVE,,,
2026-01-29T20:42:24.562,user_01,f4c211c2,MOUSE_MOVE,,,779,551,MOVE,,,
2026-01-29T20:42:24.570,user_01,f4c211c2,MOUSE_MOVE,,,782,554,MOVE,,,
2026-01-29T20:42:24.576,user_01,f4c211c2,MOUSE_MOVE,,,788,562,MOVE,,,
2026-01-29T20:42:24.583,user_01,f4c211c2,MOUSE_MOVE,,,797,577,MOVE,,,
2026-01-29T20:42:24.590,user_01,f4c211c2,MOUSE_MOVE,,,803,589,MOVE,,,
2026-01-29T20:42:24.597,user_01,f4c211c2,MOUSE_MOVE,,,809,599,MOVE,,,
2026-01-29T20:42:24.603,user_01,f4c211c2,MOUSE_MOVE,,,813,607,MOVE,,,
2026-01-29T20:42:24.611,user_01,f4c211c2,MOUSE_MOVE,,,818,614,MOVE,,,
2026-01-29T20:42:24.617,user_01,f4c211c2,MOUSE_MOVE,,,820,618,MOVE,,,
2026-01-29T20:42:24.624,user_01,f4c211c2,MOUSE_MOVE,,,824,625,MOVE,,,
2026-01-29T20:42:24.631,user_01,f4c211c2,MOUSE_MOVE,,,826,628,MOVE,,,
2026-01-29T20:42:24.637,user_01,f4c211c2,MOUSE_MOVE,,,827,630,MOVE,,,
2026-01-29T20:42:24.645,user_01,f4c211c2,MOUSE_MOVE,,,828,633,MOVE,,,
2026-01-29T20:42:24.651,user_01,f4c211c2,MOUSE_MOVE,,,828,634,MOVE,,,
2026-01-29T20:42:24.658,user_01,f4c211c2,MOUSE_MOVE,,,828,635,MOVE,,,
2026-01-29T20:42:24.665,user_01,f4c211c2,MOUSE_MOVE,,,828,636,MOVE,,,
2026-01-29T20:42:24.672,user_01,f4c211c2,MOUSE_MOVE,,,828,638,MOVE,,,
2026-01-29T20:42:24.680,user_01,f4c211c2,MOUSE_MOVE,,,828,642,MOVE,,,
2026-01-29T20:42:24.686,user_01,f4c211c2,MOUSE_MOVE,,,828,645,MOVE,,,
2026-01-29T20:42:24.692,user_01,f4c211c2,MOUSE_MOVE,,,828,649,MOVE,,,
2026-01-29T20:42:24.700,user_01,f4c211c2,MOUSE_MOVE,,,828,653,MOVE,,,
2026-01-29T20:42:24.705,user_01,f4c211c2,MOUSE_MOVE,,,828,660,MOVE,,,
2026-01-29T20:42:24.714,user_01,f4c211c2,MOUSE_MOVE,,,828,668,MOVE,,,
2026-01-29T20:42:24.720,user_01,f4c211c2,MOUSE_MOVE,,,827,672,MOVE,,,
2026-01-29T20:42:24.726,user_01,f4c211c2,MOUSE_MOVE,,,827,676,MOVE,,,
2026-01-29T20:42:24.733,user_01,f4c211c2,MOUSE_MOVE,,,827,680,MOVE,,,
2026-01-29T20:42:24.740,user_01,f4c211c2,MOUSE_MOVE,,,827,683,MOVE,,,
2026-01-29T20:42:24.747,user_01,f4c211c2,MOUSE_MOVE,,,826,687,MOVE,,,
2026-01-29T20:42:24.755,user_01,f4c211c2,MOUSE_MOVE,,,826,690,MOVE,,,
2026-01-29T20:42:24.761,user_01,f4c211c2,MOUSE_MOVE,,,826,692,MOVE,,,
2026-01-29T20:42:24.769,user_01,f4c211c2,MOUSE_MOVE,,,826,694,MOVE,,,
2026-01-29T20:42:24.775,user_01,f4c211c2,MOUSE_MOVE,,,825,695,MOVE,,,
2026-01-29T20:42:24.783,user_01,f4c211c2,MOUSE_MOVE,,,825,695,MOVE,,,
2026-01-29T20:42:24.788,user_01,f4c211c2,MOUSE_MOVE,,,825,696,MOVE,,,
2026-01-29T20:42:24.802,user_01,f4c211c2,MOUSE_MOVE,,,824,697,MOVE,,,
2026-01-29T20:42:24.823,user_01,f4c211c2,MOUSE_MOVE,,,824,698,MOVE,,,
2026-01-29T20:42:24.850,user_01,f4c211c2,MOUSE_MOVE,,,823,698,MOVE,,,
2026-01-29T20:42:25.927,user_01,f4c211c2,MOUSE_MOVE,,,814,700,MOVE,,,
2026-01-29T20:42:25.933,user_01,f4c211c2,MOUSE_MOVE,,,806,703,MOVE,,,
2026-01-29T20:42:25.946,user_01,f4c211c2,MOUSE_MOVE,,,802,704,MOVE,,,
2026-01-29T20:42:25.946,user_01,f4c211c2,MOUSE_MOVE,,,796,705,MOVE,,,
2026-01-29T20:42:25.954,user_01,f4c211c2,MOUSE_MOVE,,,793,706,MOVE,,,
2026-01-29T20:42:25.960,user_01,f4c211c2,MOUSE_MOVE,,,790,707,MOVE,,,
2026-01-29T20:42:25.975,user_01,f4c211c2,MOUSE_MOVE,,,789,707,MOVE,,,
2026-01-29T20:42:25.996,user_01,f4c211c2,MOUSE_MOVE,,,788,707,MOVE,,,
2026-01-29T20:42:26.022,user_01,f4c211c2,MOUSE_MOVE,,,787,707,MOVE,,,
2026-01-29T20:42:26.050,user_01,f4c211c2,MOUSE_MOVE,,,787,707,MOVE,,,
2026-01-29T20:42:26.077,user_01,f4c211c2,MOUSE_MOVE,,,786,707,MOVE,,,
2026-01-29T20:42:26.089,user_01,f4c211c2,MOUSE_MOVE,,,785,707,MOVE,,,
2026-01-29T20:42:26.090,user_01,f4c211c2,MOUSE_MOVE,,,784,707,MOVE,,,
2026-01-29T20:42:26.098,user_01,f4c211c2,MOUSE_MOVE,,,783,707,MOVE,,,
2026-01-29T20:42:26.104,user_01,f4c211c2,MOUSE_MOVE,,,783,707,MOVE,,,
2026-01-29T20:42:26.112,user_01,f4c211c2,MOUSE_MOVE,,,780,707,MOVE,,,
2026-01-29T20:42:26.118,user_01,f4c211c2,MOUSE_MOVE,,,777,707,MOVE,,,
2026-01-29T20:42:26.125,user_01,f4c211c2,MOUSE_MOVE,,,775,706,MOVE,,,
2026-01-29T20:42:26.132,user_01,f4c211c2,MOUSE_MOVE,,,773,706,MOVE,,,
2026-01-29T20:42:26.137,user_01,f4c211c2,MOUSE_MOVE,,,771,706,MOVE,,,
2026-01-29T20:42:26.145,user_01,f4c211c2,MOUSE_MOVE,,,769,705,MOVE,,,
2026-01-29T20:42:26.152,user_01,f4c211c2,MOUSE_MOVE,,,767,705,MOVE,,,
2026-01-29T20:42:26.159,user_01,f4c211c2,MOUSE_MOVE,,,765,705,MOVE,,,
2026-01-29T20:42:26.166,user_01,f4c211c2,MOUSE_MOVE,,,763,705,MOVE,,,
2026-01-29T20:42:26.174,user_01,f4c211c2,MOUSE_MOVE,,,762,705,MOVE,,,
2026-01-29T20:42:26.179,user_01,f4c211c2,MOUSE_MOVE,,,760,705,MOVE,,,
2026-01-29T20:42:26.187,user_01,f4c211c2,MOUSE_MOVE,,,758,705,MOVE,,,
2026-01-29T20:42:26.194,user_01,f4c211c2,MOUSE_MOVE,,,757,705,MOVE,,,
2026-01-29T20:42:26.201,user_01,f4c211c2,MOUSE_MOVE,,,757,705,MOVE,,,
2026-01-29T20:42:26.207,user_01,f4c211c2,MOUSE_MOVE,,,755,705,MOVE,,,
2026-01-29T20:42:26.213,user_01,f4c211c2,MOUSE_MOVE,,,754,705,MOVE,,,
2026-01-29T20:42:26.221,user_01,f4c211c2,MOUSE_MOVE,,,753,705,MOVE,,,
2026-01-29T20:42:26.228,user_01,f4c211c2,MOUSE_MOVE,,,752,705,MOVE,,,
2026-01-29T20:42:26.235,user_01,f4c211c2,MOUSE_MOVE,,,752,705,MOVE,,,
2026-01-29T20:42:26.242,user_01,f4c211c2,MOUSE_MOVE,,,751,705,MOVE,,,
2026-01-29T20:42:26.248,user_01,f4c211c2,MOUSE_MOVE,,,750,705,MOVE,,,
2026-01-29T20:42:26.256,user_01,f4c211c2,MOUSE_MOVE,,,749,705,MOVE,,,
2026-01-29T20:42:26.269,user_01,f4c211c2,MOUSE_MOVE,,,749,705,MOVE,,,
2026-01-29T20:42:26.297,user_01,f4c211c2,MOUSE_MOVE,,,748,705,MOVE,,,
2026-01-29T20:42:26.324,user_01,f4c211c2,MOUSE_MOVE,,,747,705,MOVE,,,
2026-01-29T20:42:26.358,user_01,f4c211c2,MOUSE_MOVE,,,745,705,MOVE,,,
2026-01-29T20:42:26.385,user_01,f4c211c2,MOUSE_MOVE,,,745,705,MOVE,,,
2026-01-29T20:42:26.400,user_01,f4c211c2,MOUSE_MOVE,,,744,705,MOVE,,,
2026-01-29T20:42:26.413,user_01,f4c211c2,MOUSE_MOVE,,,743,705,MOVE,,,
2026-01-29T20:42:26.434,user_01,f4c211c2,MOUSE_MOVE,,,742,705,MOVE,,,
2026-01-29T20:42:26.455,user_01,f4c211c2,MOUSE_MOVE,,,741,705,MOVE,,,
2026-01-29T20:42:26.982,user_01,f4c211c2,MOUSE_CLICK,,,741,705,LEFT_DOWN,,,
2026-01-29T20:42:27.206,user_01,f4c211c2,MOUSE_CLICK,,,741,705,LEFT_UP,,,
2026-01-29T20:42:29.164,user_01,f4c211c2,KEY_PRESS,ALNUM,,,,,,,
2026-01-29T20:42:29.167,user_01,f4c211c2,KEY_RELEASE,ALNUM,3,,,,,,
2026-01-29T20:42:29.339,user_01,f4c211c2,KEY_PRESS,ALNUM,,,,,,,
2026-01-29T20:42:29.520,user_01,f4c211c2,KEY_RELEASE,ALNUM,181,,,,,,
2026-01-29T20:42:29.676,user_01,f4c211c2,KEY_PRESS,ALNUM,,,,,,,
2026-01-29T20:42:29.764,user_01,f4c211c2,KEY_RELEASE,ALNUM,87,,,,,,
2026-01-29T20:42:29.842,user_01,f4c211c2,KEY_PRESS,ALNUM,,,,,,,
2026-01-29T20:42:29.931,user_01,f4c211c2,KEY_RELEASE,ALNUM,88,,,,,,
2026-01-29T20:42:30.982,user_01,f4c211c2,KEY_PRESS,ENTER,,,,,,,
2026-01-29T20:42:31.045,user_01,f4c211c2,SESSION_END,,,,,,,,
